duration,date,subjectcode,Abaser,Abassi,Abater,Abatis,Abator,Abbacy,Abbess,Abdest,Abider,Abject,Ablaut,Abraum,Abseil,Acacia,Acacin,Acajou,Acanth,Acarus,Acater,Acates,Accent,Access,Accost,Accrue,Accuse,Acetal,Acetin,Achate,Achean,Achene,b,c,d,e,f,g,h,i,j,k,l,m,n,o,p,q,r,s,comments,Condition
128,10/6/19 10:58,R_2P0PBwZMyTKvwEZ,,,,,,,,,,,,,,,,,,,5,3,3,1,1,1,,,,,,,,,,,,,,,,,,,,,,,,,no,4
166,10/6/19 10:58,R_1eRdlXDQ6azomMz,,,,,,,0,0,20,1,0,3,,,,,,,,,,,,,,,,,,,,,,,,,,,,,,,,,,,,,no,2
174,10/6/19 10:58,R_DT7kkDvV8rPHEIx,,,,,,,,,,,,,,,,,,,,,,,,,,,,,,,0,0,20,1,0,2,,,,,,,,,,,,,"Nothing was unclear, thank you.",6
169,10/6/19 10:59,R_3J8GU7syB6s9PS4,0,20,20,1,0,3,,,,,,,,,,,,,,,,,,,,,,,,,,,,,,,,,,,,,,,,,,,no,1
136,10/6/19 10:59,R_24NIeMbdQSEiBmY,,,,,,,,,,,,,,,,,,,,,,,,,,,,,,,,,,,,,20,20,20,1,0,3,,,,,,,No,7
137,10/6/19 10:59,R_2w45PUme5Z3kqTb,,,,,,,,,,,,,20,20,20,0,0,2,,,,,,,,,,,,,,,,,,,,,,,,,,,,,,,No,3
165,10/6/19 10:59,R_3pnJm6iwkzBkHU6,0,20,20,0,0,2,,,,,,,,,,,,,,,,,,,,,,,,,,,,,,,,,,,,,,,,,,,nope,1
92,10/6/19 10:59,R_2uqhw9faEml6c2y,,,,,,,,,,,,,,,,,,,,,,,,,,,,,,,20,0,20,0,0,2,,,,,,,,,,,,,No,6
203,10/6/19 10:59,R_3M4LTsklMLum3nQ,0,20,20,0,0,3,,,,,,,,,,,,,,,,,,,,,,,,,,,,,,,,,,,,,,,,,,,Its clear.,1
219,10/6/19 10:59,R_2rBzsBduDY6EsHu,,,,,,,0,0,20,1,0,3,,,,,,,,,,,,,,,,,,,,,,,,,,,,,,,,,,,,,Not at all,2
228,10/6/19 10:59,R_a02u6hCt3eZjLc5,,,,,,,,,,,,,0,0,20,1,0,3,,,,,,,,,,,,,,,,,,,,,,,,,,,,,,,It was clear.,3
199,10/6/19 11:00,R_3JzsMmHeEwyj7Lo,,,,,,,,,,,,,,,,,,,,,,,,,,,,,,,0,0,20,1,0,2,,,,,,,,,,,,,no,6
212,10/6/19 11:00,R_PwefedqAksHE55D,,,,,,,1,0,20,0,0,2,,,,,,,,,,,,,,,,,,,,,,,,,,,,,,,,,,,,,no,2
233,10/6/19 11:00,R_1rxmDXDv4WWhceO,,,,,,,,,,,,,0,20,20,0,0,2,,,,,,,,,,,,,,,,,,,,,,,,,,,,,,,no very clear.,3
109,10/6/19 11:00,R_1dy35G4RiCxV0CE,,,,,,,,,,,,,20,20,20,1,0,2,,,,,,,,,,,,,,,,,,,,,,,,,,,,,,,no,3
264,10/6/19 11:00,R_3lPu9AFntYcyXCm,,,,,,,,,,,,,,,,,,,,,,,,,,,,,,,,,,,,,,,,,,,0,0,20,0,0,3,nothing,8
102,10/6/19 11:00,R_2y7mZsG5ZA07U2S,,,,,,,,,,,,,,,,,,,,,,,,,,,,,,,20,0,20,0,0,3,,,,,,,,,,,,,,6
225,10/6/19 11:00,R_3qrFm9CQbbcLdrY,,,,,,,,,,,,,,,,,,,0,0,20,1,0,3,,,,,,,,,,,,,,,,,,,,,,,,,no,4
134,10/6/19 11:01,R_XH5dBWaeaVgxqDL,,,,,,,,,,,,,,,,,,,,,,,,,0,0,20,0,0,3,,,,,,,,,,,,,,,,,,,No,5
298,10/6/19 11:01,R_eOOToKzhVJT5Rh7,,,,,,,,,,,,,,,,,,,,,,,,,0,20,20,1,0,3,,,,,,,,,,,,,,,,,,,no,5
231,10/6/19 11:01,R_28YEtHbnPYdsEq6,,,,,,,,,,,,,,,,,,,,,,,,,0,20,20,0,0,3,,,,,,,,,,,,,,,,,,,no,5
278,10/6/19 11:01,R_5ouNqUjCeBQeNVv,,,,,,,,,,,,,,,,,,,,,,,,,,,,,,,0,0,20,1,0,3,,,,,,,,,,,,,No,6
286,10/6/19 11:01,R_A5oKvpXrZnuOW1b,,,,,,,,,,,,,,,,,,,,,,,,,,,,,,,,,,,,,0,20,20,0,0,2,,,,,,,Whether or not John was a part of the 20 people who regularly foraged mushrooms.,7
264,10/6/19 11:01,R_2pXXV6WYa4Li5IY,,,,,,,,,,,,,,,,,,,,,,,,,,,,,,,,,,,,,,,,,,,0,2,20,0,0,3,no,8
278,10/6/19 11:01,R_7WincINqhFSn7mF,,,,,,,,,,,,,,,,,,,,,,,,,,,,,,,0,0,20,1,0,3,,,,,,,,,,,,,No,6
139,10/6/19 11:01,R_wN9nnmvqqBYpKQV,,,,,,,,,,,,,,,,,,,,,,,,,,,,,,,0,0,20,1,0,3,,,,,,,,,,,,,No,6
216,10/6/19 11:01,R_TuQ8puLgvWvGMXT,,,,,,,,,,,,,,,,,,,,,,,,,0,20,20,0,0,3,,,,,,,,,,,,,,,,,,,No.,5
224,10/6/19 11:01,R_3n2ulJPkFlA6Tu4,,,,,,,,,,,,,,,,,,,,,,,,,,,,,,,,,,,,,0,20,20,1,0,3,,,,,,,nothing,7
313,10/6/19 11:01,R_yO3cGhjiTIJq1Wh,,,,,,,,,,,,,,,,,,,,,,,,,0,20,20,1,0,3,,,,,,,,,,,,,,,,,,,Not that I perceived,5
289,10/6/19 11:01,R_1k1v5dAS0fu5LIb,,,,,,,,,,,,,,,,,,,,,,,,,,,,,,,,,,,,,0,20,20,1,1,2,,,,,,,It was kind of wordy. People can cut faster and not cut more.,7
196,10/6/19 11:01,R_2OJsSh9gfDnfm2v,,,,,,,,,,,,,,,,,,,,,,,,,,,,,,,0,0,20,1,0,3,,,,,,,,,,,,,No,6
294,10/6/19 11:01,R_XSucnwJPQY76rzX,,,,,,,,,,,,,,,,,,,0,0,21,1,0,3,,,,,,,,,,,,,,,,,,,,,,,,,"story first said there are 20 people who trap rabbits, but then that John talked to all 20 people - that makes 21",4
293,10/6/19 11:01,R_3PvjBVEUV5JpY2P,,,,,,,,,,,,,,,,,,,,,,,,,,,,,,,,,,,,,,,,,,,0,0,20,1,0,3,No,8
155,10/6/19 11:02,R_bmaZctRVujg6pLH,,,,,,,,,,,,,,,,,,,,,,,,,,,,,,,,,,,,,,,,,,,0,0,20,1,0,3,no,8
225,10/6/19 11:02,R_1LXxMrIX2OTDCIV,0,20,20,0,0,3,,,,,,,,,,,,,,,,,,,,,,,,,,,,,,,,,,,,,,,,,,,No,1
238,10/6/19 11:02,R_abGi1LHmFlvhP6p,,,,,,,,,,,,,,,,,,,,,,,,,0,20,20,1,0,3,,,,,,,,,,,,,,,,,,,,5
244,10/6/19 11:02,R_3KNEDSBSWHg264v,0,20,20,0,0,3,,,,,,,,,,,,,,,,,,,,,,,,,,,,,,,,,,,,,,,,,,,"20 people total, but John talks to ""all 20""",1
240,10/6/19 11:02,R_11j53B1UR6wj0sI,,,,,,,,,,,,,,,,,,,0,0,20,0,0,3,,,,,,,,,,,,,,,,,,,,,,,,,no,4
258,10/6/19 11:02,R_UzNs7YvGgoiPhrb,,,,,,,0,20,20,1,0,3,,,,,,,,,,,,,,,,,,,,,,,,,,,,,,,,,,,,,no,2
269,10/6/19 11:02,R_1EaMUtTFXY1yALG,,,,,,,,,,,,,,,,,,,0,0,20,0,0,3,,,,,,,,,,,,,,,,,,,,,,,,,no,4
265,10/6/19 11:02,R_1irE2irl3LErInL,,,,,,,0,3,20,1,0,3,,,,,,,,,,,,,,,,,,,,,,,,,,,,,,,,,,,,,no,2
249,10/6/19 11:03,R_eUJoW5YXFD6E6WZ,,,,,,,,,,,,,,,,,,,,,,,,,,,,,,,,,,,,,,,,,,,20,0,20,0,1,2,Not at all,8
151,10/6/19 11:03,R_2dPWrMVqkTrCs2T,,,,,,,,,,,,,,,,,,,,,,,,,,,,,,,,,,,,,,,,,,,0,0,20,1,0,3,no,8
206,10/6/19 11:03,R_2QM8GvggAydyevK,,,,,,,0,0,20,0,0,3,,,,,,,,,,,,,,,,,,,,,,,,,,,,,,,,,,,,,no,2
223,10/6/19 11:03,R_1DGriqh1lGHoDm0,0,20,20,0,0,3,,,,,,,,,,,,,,,,,,,,,,,,,,,,,,,,,,,,,,,,,,,No,1
321,10/6/19 11:03,R_2X57AedrXUAwTK1,,,,,,,0,0,20,1,0,2,,,,,,,,,,,,,,,,,,,,,,,,,,,,,,,,,,,,,No.,2
366,10/6/19 11:03,R_Tn2oFfeu6ylGNTb,,,,,,,0,0,20,1,0,3,,,,,,,,,,,,,,,,,,,,,,,,,,,,,,,,,,,,,No,2
204,10/6/19 11:03,R_11dUFGtCkx4OdNF,,,,,,,,,,,,,0,19,20,0,0,3,,,,,,,,,,,,,,,,,,,,,,,,,,,,,,,no,3
137,10/6/19 11:03,R_3fVuWNl3yLgVwl7,,,,,,,,,,,,,0,20,20,0,0,3,,,,,,,,,,,,,,,,,,,,,,,,,,,,,,,nope,3
333,10/6/19 11:03,R_3EtKE2qns6Luaac,0,20,24,0,1,2,,,,,,,,,,,,,,,,,,,,,,,,,,,,,,,,,,,,,,,,,,,not to much,1
242,10/6/19 11:03,R_2tl43mOQ71FJ6lE,,,,,,,,,,,,,,,,,,,,,,,,,20,0,20,0,0,3,,,,,,,,,,,,,,,,,,,yes,5
174,10/6/19 11:03,R_1g1oY4DyUyow3BC,,,,,,,,,,,,,,,,,,,,,,,,,,,,,,,,,,,,,0,20,20,0,0,3,,,,,,,No,7
198,10/6/19 11:03,R_32QKslHlbNrQu22,,,,,,,,,,,,,0,0,20,0,0,3,,,,,,,,,,,,,,,,,,,,,,,,,,,,,,,no,3
118,10/6/19 11:03,R_3HB6g5pIVSjvT1z,,,,,,,,,,,,,,,,,,,,,,,,,,,,,,,,,,,,,,,,,,,0,0,20,1,0,3,,8
159,10/6/19 11:03,R_264QFKhUlxYVXtc,,,,,,,,,,,,,,,,,,,,,,,,,,,,,,,,,,,,,0,20,20,0,0,3,,,,,,,No,7
358,10/6/19 11:03,R_3kBaRw4L9XdLO6y,,,,,,,,,,,,,,,,,,,,,,,,,,,,,,,,,,,,,,,,,,,0,0,20,0,0,2,"How knife would make a major difference and only 3 people could have , yet no one wanted to use because this was their leisure time to do so . ",8
131,10/6/19 11:04,R_3h6hZMFBP7aAjyG,,,,,,,,,,,,,,,,,,,,,,,,,0,7,20,0,0,2,,,,,,,,,,,,,,,,,,,No ,5
413,10/6/19 11:04,R_87wZRKienWhcXCh,,,,,,,,,,,,,,,,,,,,,,,,,0,20,20,0,0,3,,,,,,,,,,,,,,,,,,,No it was clear. It the article was about a battle of morality and selfishness ,5
358,10/6/19 11:04,R_1hLpGuXCX4KNu0L,,,,,,,,,,,,,,,,,,,,,,,,,,,,,,,,,,,,,0,20,20,1,0,3,,,,,,,No,7
238,10/6/19 11:04,R_1Q5CqfwrKTJcAUQ,,,,,,,0,0,20,1,0,3,,,,,,,,,,,,,,,,,,,,,,,,,,,,,,,,,,,,,no,2
222,10/6/19 11:04,R_116JwaHpAFw537f,,,,,,,,,,,,,,,,,,,,,,,,,0,19,20,1,0,2,,,,,,,,,,,,,,,,,,,"the counting, there are 20 ppl who hunt or 21 (including John)?",5
142,10/6/19 11:04,R_3L4QsqL0i8w2Pq1,0,20,20,0,0,3,,,,,,,,,,,,,,,,,,,,,,,,,,,,,,,,,,,,,,,,,,,No,1
242,10/6/19 11:04,R_2tsqP4tdUGEnPvr,,,,,,,,,,,,,,,,,,,,,,,,,,,,,,,0,0,20,1,0,3,,,,,,,,,,,,,No ,6
282,10/6/19 11:04,R_3nr9uwlXu1NCfDj,,,,,,,,,,,,,,,,,,,,,,,,,,,,,,,,,,,,,,,,,,,0,0,20,0,0,3,No,8
208,10/6/19 11:04,R_1dMFQPRVWLyOMP1,,,,,,,,,,,,,,,,,,,,,,,,,,,,,,,0,0,20,0,0,2,,,,,,,,,,,,,no,6
301,10/6/19 11:04,R_UcrwFDX4mX1Zb7X,,,,,,,,,,,,,,,,,,,,,,,,,0,20,20,0,0,2,,,,,,,,,,,,,,,,,,,no,5
162,10/6/19 11:04,R_3RqkruXetpfggRt,,,,,,,20,0,20,1,0,3,,,,,,,,,,,,,,,,,,,,,,,,,,,,,,,,,,,,,No.,2
364,10/6/19 11:05,R_3lMr4l7WSM2ZDxm,,,,,,,,,,,,,,,,,,,,,,,,,,,,,,,,,,,,,0,19,20,0,0,3,,,,,,,no,7
262,10/6/19 11:05,R_3hbD9xHon1vUjH3,,,,,,,,,,,,,,,,,,,0,0,20,1,0,3,,,,,,,,,,,,,,,,,,,,,,,,,No,4
224,10/6/19 11:05,R_3ha8WowhSDSnx18,,,,,,,,,,,,,,,,,,,,,,,,,,,,,,,,,,,,,,,,,,,0,0,20,0,0,3,No,8
455,10/6/19 11:05,R_1Fy8kZiS5ptggmy,,,,,,,,,,,,,0,20,20,0,0,3,,,,,,,,,,,,,,,,,,,,,,,,,,,,,,,no,3
467,10/6/19 11:05,R_3hs7IPb2RyIMJqV,0,20,21,0,0,2,,,,,,,,,,,,,,,,,,,,,,,,,,,,,,,,,,,,,,,,,,,No,1
233,10/6/19 11:05,R_2aakWGgd4er5GQP,,,,,,,,,,,,,,,,,,,,,,,,,,,,,,,,,,,,,,,,,,,0,0,20,1,0,3,No,8
191,10/6/19 11:05,R_1Cj6FbLpK57sLam,,,,,,,,,,,,,,,,,,,,,,,,,,,,,,,,,,,,,20,3,20,1,0,3,,,,,,,no,7
289,10/6/19 11:06,R_3qEAgsPmLpwVbht,0,20,20,0,0,3,,,,,,,,,,,,,,,,,,,,,,,,,,,,,,,,,,,,,,,,,,,Nope i just wasnt sure about my own moral standing,1
230,10/6/19 11:06,R_YaCmNf1z5Y5qOEF,,,,,,,,,,,,,0,20,20,1,0,3,,,,,,,,,,,,,,,,,,,,,,,,,,,,,,,"A little. If John is one of the 20 people, your wording is a little off. On one hand, you say clearly that there are 20. Then you say John *talks to* all 20. So are we to assume he talked to himself since he's one of the 20? So the answer to that question could be 19 or 20.",3
133,10/6/19 11:06,R_3MEuwiLNHC8TLp4,,,,,,,,,,,,,,,,,,,0,0,20,1,0,3,,,,,,,,,,,,,,,,,,,,,,,,,N/A,4
366,10/6/19 11:06,R_2wj0VjWnXsD3WHM,3,7,20,1,1,2,,,,,,,,,,,,,,,,,,,,,,,,,,,,,,,,,,,,,,,,,,,nothing,1
259,10/6/19 11:06,R_2VaWxk8WMFv6Keo,0,20,20,1,0,3,,,,,,,,,,,,,,,,,,,,,,,,,,,,,,,,,,,,,,,,,,,,1
134,10/6/19 11:06,R_3JfTXtMmzxeO6Ij,,,,,,,,,,,,,,,,,,,,,,,,,,,,,,,,,,,,,0,20,20,0,0,2,,,,,,,,7
492,10/6/19 11:06,R_2QyB1CdqFqPYzFa,,,,,,,,,,,,,0,20,20,1,0,3,,,,,,,,,,,,,,,,,,,,,,,,,,,,,,,Some of the questions seemed a bit subjective so I wasn't sure if I was answering them according to guidelines or my opinion. Perhaps clarifying the kind of answers that the researchers are looking for would assist ,3
221,10/6/19 11:06,R_41MCd9nonvSaTvj,,,,,,,,,,,,,0,20,20,0,0,3,,,,,,,,,,,,,,,,,,,,,,,,,,,,,,,no,3
278,10/6/19 11:07,R_3HiYqVlyu7YtJxt,,,,,,,,,,,,,,,,,,,0,0,20,1,0,3,,,,,,,,,,,,,,,,,,,,,,,,,no,4
327,10/6/19 11:07,R_3npBj2AVQsdvxw2,,,,,,,,,,,,,,,,,,,,,,,,,,,,,,,,,,,,,,,,,,,0,0,20,1,0,3,no,8
211,10/6/19 11:07,R_XBZ00tASBwVjaZX,0,19,20,0,0,3,,,,,,,,,,,,,,,,,,,,,,,,,,,,,,,,,,,,,,,,,,,,1
270,10/6/19 11:07,R_3eknAeTqICRe2pH,,,,,,,,,,,,,,,,,,,,,,,,,,,,,,,,,,,,,0,20,20,0,0,3,,,,,,,None,7
103,10/6/19 11:07,R_32KEhgAcjJsleIL,,,,,,,,,,,,,,,,,,,,,,,,,,,,,,,,,,,,,20,0,20,1,0,2,,,,,,,No,7
157,10/6/19 11:07,R_2zo3XpkdfXMgrV8,0,0,20,0,0,2,,,,,,,,,,,,,,,,,,,,,,,,,,,,,,,,,,,,,,,,,,,i don't think so. ,1
261,10/6/19 11:07,R_3qegfF4KdSOt7qU,,,,,,,,,,,,,1,20,20,1,0,3,,,,,,,,,,,,,,,,,,,,,,,,,,,,,,,No,3
175,10/6/19 11:08,R_33flFzywI6zTBln,,,,,,,,,,,,,,,,,,,,,,,,,,,,,,,,,,,,,,,,,,,0,0,20,1,0,3,no,8
489,10/6/19 11:08,R_1QEF9HMoTkJUzCe,,,,,,,,,,,,,,,,,,,20,0,20,1,0,3,,,,,,,,,,,,,,,,,,,,,,,,,no,4
422,10/6/19 11:08,R_2fjkrl3gdLAdVt4,,,,,,,,,,,,,,,,,,,,,,,,,,,,,,,7,3,20,1,0,3,,,,,,,,,,,,,No,6
437,10/6/19 11:08,R_1MMPOmjLHQJBuFL,,,,,,,,,,,,,,,,,,,0,0,20,1,0,3,,,,,,,,,,,,,,,,,,,,,,,,,no,4
606,10/6/19 11:08,R_1LXQfTcbISpsejm,,,,,,,,,,,,,,,,,,,7,3,20,1,0,1,,,,,,,,,,,,,,,,,,,,,,,,,Nothing,4
385,10/6/19 11:08,R_27KfHbsDWoCuiKg,,,,,,,,,,,,,,,,,,,,,,,,,,,,,,,0,0,20,0,0,3,,,,,,,,,,,,,NO,6
385,10/6/19 11:08,R_R5hPiUQTrCKuy1H,,,,,,,,,,,,,0,0,20,1,0,3,,,,,,,,,,,,,,,,,,,,,,,,,,,,,,,not at all,3
330,10/6/19 11:08,R_1mgen39SPU9FpGa,,,,,,,,,,,,,,,,,,,0,0,20,1,0,2,,,,,,,,,,,,,,,,,,,,,,,,,,4
115,10/6/19 11:08,R_2TEO73efT24nc3w,,,,,,,,,,,,,20,3,20,1,0,2,,,,,,,,,,,,,,,,,,,,,,,,,,,,,,,No,3
106,10/6/19 11:09,R_1o7IKinmvlmcDhY,,,,,,,,,,,,,,,,,,,,,,,,,,,,,,,0,3,20,0,0,2,,,,,,,,,,,,,n/a,6
286,10/6/19 11:09,R_1Egn9hBxNAWQ9ob,,,,,,,,,,,,,,,,,,,,,,,,,,,,,,,,,,,,,0,19,20,0,0,3,,,,,,,no,7
359,10/6/19 11:09,R_2TNU8Yu6NEYSsf6,,,,,,,,,,,,,,,,,,,,,,,,,,,,,,,0,0,20,1,0,3,,,,,,,,,,,,,No,6
173,10/6/19 11:09,R_2SxLcJFAXP5BIPF,,,,,,,0,19,20,1,0,3,,,,,,,,,,,,,,,,,,,,,,,,,,,,,,,,,,,,,nothing,2
175,10/6/19 11:09,R_1OuEBCxmloHZ0LE,,,,,,,,,,,,,,,,,,,,,,,,,0,20,20,1,0,3,,,,,,,,,,,,,,,,,,,No,5
255,10/6/19 11:09,R_2ROkpg9fqrwgY4e,,,,,,,,,,,,,,,,,,,,,,,,,,,,,,,19,0,20,0,0,3,,,,,,,,,,,,,no,6
237,10/6/19 11:09,R_1mlLMnqiA58zHOP,0,20,20,1,0,2,,,,,,,,,,,,,,,,,,,,,,,,,,,,,,,,,,,,,,,,,,,no,1
135,10/6/19 11:10,R_3NVb3Xh2YYiKgUu,,,,,,,,,,,,,,,,,,,,,,,,,,,,,,,,,,,,,,,,,,,0,0,20,1,0,3,nothing,8
422,10/6/19 11:10,R_3qBtI8ya0SwHSpL,,,,,,,,,,,,,,,,,,,,,,,,,0,20,21,0,0,3,,,,,,,,,,,,,,,,,,,"Yes.  The questions about the number of people.  First, the shop owner who sold the gun would be aware of him owning it, but it seemed like you were just wondering about the number of hunters who would know.  Second, the story indicated that there were 20 hunters.  One would assume that John would be one of the hunters, making 19 others.  But then the story said that John spoke with all 20 of the hunters.  So are there 21, including John?  ",5
439,10/6/19 11:10,R_CjNwnAaz9FQXsAN,,,,,,,0,0,20,0,0,3,,,,,,,,,,,,,,,,,,,,,,,,,,,,,,,,,,,,,No,2
228,10/6/19 11:10,R_1OZaQDZ3xkOTng8,,,,,,,,,,,,,,,,,,,0,0,20,0,0,3,,,,,,,,,,,,,,,,,,,,,,,,,No,4
430,10/6/19 11:10,R_3KItEkR1dxz55t9,0,19,20,1,0,3,,,,,,,,,,,,,,,,,,,,,,,,,,,,,,,,,,,,,,,,,,,No,1
675,10/6/19 11:10,R_2s1MBWP3EYcVHFg,,,,,,,,,,,,,,,,,,,0,0,20,1,0,3,,,,,,,,,,,,,,,,,,,,,,,,,No.,4
485,10/6/19 11:11,R_3RseXRy4H9REIED,,,,,,,,,,,,,,,,,,,,,,,,,,,,,,,,,,,,,1,19,20,0,0,3,,,,,,,No.,7
207,10/6/19 11:11,R_3eq2b79Zda3U5jt,,,,,,,,,,,,,,,,,,,20,0,20,0,0,2,,,,,,,,,,,,,,,,,,,,,,,,,no,4
186,10/6/19 11:11,R_3lQhmKNdF9FFQKp,,,,,,,,,,,,,,,,,,,,,,,,,,,,,,,0,0,20,1,0,3,,,,,,,,,,,,,no,6
147,10/6/19 11:11,R_dbDB0bhzzDGFCkV,,,,,,,,,,,,,0,19,20,0,0,3,,,,,,,,,,,,,,,,,,,,,,,,,,,,,,,It seemed clear,3
248,10/6/19 11:11,R_6ngg2rTooSgddXb,,,,,,,0,0,20,1,0,2,,,,,,,,,,,,,,,,,,,,,,,,,,,,,,,,,,,,,No,2
168,10/6/19 11:11,R_3egJEPQgC3euVT1,,,,,,,,,,,,,,,,,,,,,,,,,1,19,20,0,0,3,,,,,,,,,,,,,,,,,,,no,5
140,10/6/19 11:11,R_tDsohM8Cu3G7PNL,,,,,,,,,,,,,0,19,20,0,0,3,,,,,,,,,,,,,,,,,,,,,,,,,,,,,,,no,3
197,10/6/19 11:11,R_1roAavOfNrCwoD8,,,,,,,,,,,,,,,,,,,,,,,,,,,,,,,,,,,,,0,20,20,1,0,3,,,,,,,no,7
503,10/6/19 11:12,R_1fjVfWKcyyaIxts,,,,,,,,,,,,,,,,,,,,,,,,,0,19,20,1,0,2,,,,,,,,,,,,,,,,,,,No. just have to read over again,5
161,10/6/19 11:12,R_6zMdKCDKB3iB8Tn,,,,,,,20,0,20,0,0,2,,,,,,,,,,,,,,,,,,,,,,,,,,,,,,,,,,,,,,2
283,10/6/19 11:12,R_28BfU3t1HGsIT5w,,,,,,,,,,,,,,,,,,,,,,,,,,,,,,,0,0,20,0,0,2,,,,,,,,,,,,,no,6
391,10/6/19 11:13,R_2b3syebpt8llYv2,0,2,20,0,0,2,,,,,,,,,,,,,,,,,,,,,,,,,,,,,,,,,,,,,,,,,,,No,1
197,10/6/19 11:13,R_2WYl1WJX5BYkNMD,,,,,,,,,,,,,,,,,,,,,,,,,,,,,,,,,,,,,0,20,20,1,0,3,,,,,,,"No, it was clear.",7
170,10/6/19 11:13,R_vGnbOyt8pxP0saR,,,,,,,,,,,,,,,,,,,0,0,20,0,0,3,,,,,,,,,,,,,,,,,,,,,,,,,"the last question was kind of unclear, it would cause some difference in the rabbit population but it would be a marginal one if only john used the new trap. ",4
106,10/6/19 11:13,R_3DdrLyJeYUe2d69,0,20,20,1,0,3,,,,,,,,,,,,,,,,,,,,,,,,,,,,,,,,,,,,,,,,,,,No,1
244,10/6/19 11:14,R_3j23sd7DuGEjQgp,,,,,,,,,,,,,,,,,,,0,0,20,1,0,3,,,,,,,,,,,,,,,,,,,,,,,,,"No, there was not.",4
283,10/6/19 11:14,R_1pxqIJ5B4v3KfFo,0,20,20,1,0,3,,,,,,,,,,,,,,,,,,,,,,,,,,,,,,,,,,,,,,,,,,,no,1
239,10/6/19 11:14,R_2uD73Ds0fP6NhPD,0,20,20,0,0,3,,,,,,,,,,,,,,,,,,,,,,,,,,,,,,,,,,,,,,,,,,,No,1
171,10/6/19 11:14,R_2TC5U9IFcccDXVL,,,,,,,20,3,20,1,0,3,,,,,,,,,,,,,,,,,,,,,,,,,,,,,,,,,,,,,No.,2
546,10/6/19 11:14,R_2TBLtyTnR6WXClj,,,,,,,,,,,,,,,,,,,0,0,20,1,0,3,,,,,,,,,,,,,,,,,,,,,,,,,No.,4
224,10/6/19 11:14,R_3KAwPPd2kvLMWdJ,,,,,,,,,,,,,,,,,,,,,,,,,,,,,,,,,,,,,,,,,,,0,0,20,1,0,3,no,8
162,10/6/19 11:14,R_1mmbvhK6b0vPJGS,,,,,,,,,,,,,,,,,,,,,,,,,20,20,20,0,0,2,,,,,,,,,,,,,,,,,,,typing everything in numbers on the first question,5
225,10/6/19 11:14,R_2q8jjkfgTn7ecAR,,,,,,,,,,,,,,,,,,,,,,,,,,,,,,,,,,,,,0,20,20,0,0,3,,,,,,,No.,7
226,10/6/19 11:15,R_1FeWSKQSr1cRjcW,,,,,,,,,,,,,0,19,20,1,0,3,,,,,,,,,,,,,,,,,,,,,,,,,,,,,,,No,3
304,10/6/19 11:15,R_3CJEvtVYtG0GpeO,,,,,,,,,,,,,,,,,,,,,,,,,,,,,,,,,,,,,,,,,,,0,3,20,0,0,3,i dont like there this is going because this reminds me of how certain business get rich,8
223,10/6/19 11:15,R_31WoqPuqChciGee,,,,,,,,,,,,,,,,,,,,,,,,,0,20,20,1,0,3,,,,,,,,,,,,,,,,,,,no.,5
907,10/6/19 11:15,R_1HkHpXTZ9LFmCJX,,,,,,,7,3,20,1,0,1,,,,,,,,,,,,,,,,,,,,,,,,,,,,,,,,,,,,,no nothing was confusing,2
366,10/6/19 11:15,R_3ew58UoUy7yqccu,,,,,,,,,,,,,,,,,,,,,,,,,0,20,20,0,0,3,,,,,,,,,,,,,,,,,,,No,5
122,10/6/19 11:15,R_12KYEtxBmJWg4a9,,,,,,,0,0,20,0,0,3,,,,,,,,,,,,,,,,,,,,,,,,,,,,,,,,,,,,,no,2
136,10/6/19 11:15,R_1ob4eAHc7Za0rzt,,,,,,,,,,,,,,,,,,,0,7,20,0,0,2,,,,,,,,,,,,,,,,,,,,,,,,,,4
193,10/6/19 11:16,R_3K87vCC4vIQWvWF,,,,,,,,,,,,,,,,,,,,,,,,,,,,,,,,,,,,,,,,,,,0,0,20,1,0,3,No,8
154,10/6/19 11:16,R_0eMZ4hNQGFF7CRX,,,,,,,,,,,,,,,,,,,,,,,,,0,19,20,0,0,3,,,,,,,,,,,,,,,,,,,no,5
225,10/6/19 11:16,R_1dvsaOhxzA9WgKp,,,,,,,,,,,,,,,,,,,,,,,,,,,,,,,,,,,,,0,19,20,0,0,3,,,,,,,No,7
356,10/6/19 11:16,R_27CdyqkfrqpAy45,,,,,,,0,0,20,1,0,3,,,,,,,,,,,,,,,,,,,,,,,,,,,,,,,,,,,,,No,2
774,10/6/19 11:17,R_3kAJeTRixHFC3CG,0,20,20,1,0,3,,,,,,,,,,,,,,,,,,,,,,,,,,,,,,,,,,,,,,,,,,,no,1
388,10/6/19 11:17,R_1rfAPAVsNDx96GC,,,,,,,,,,,,,,,,,,,0,0,20,1,0,3,,,,,,,,,,,,,,,,,,,,,,,,,No,4
413,10/6/19 11:17,R_3RayDDqf70PGBPV,,,,,,,,,,,,,,,,,,,,,,,,,,,,,,,,,,,,,0,19,20,0,0,3,,,,,,,The survey was clear.,7
179,10/6/19 11:17,R_TbHe1dDTA3c2Vjj,,,,,,,0,0,20,1,0,3,,,,,,,,,,,,,,,,,,,,,,,,,,,,,,,,,,,,,the length of the story made it a bit confusing,2
254,10/6/19 11:17,R_3ilD2YPm3VAvQWE,,,,,,,,,,,,,,,,,,,,,,,,,,,,,,,0,1,20,1,0,3,,,,,,,,,,,,,no,6
216,10/6/19 11:17,R_3hlMxCvrDLSAFgI,,,,,,,,,,,,,,,,,,,,,,,,,,,,,,,,,,,,,,,,,,,0,0,20,1,0,3,"I was confused about the questions. Were we assuming everyone else was not using the new knife? If so, its safe for him to use it.",8
381,10/6/19 11:18,R_3QW7YLTbcFAxTws,,,,,,,,,,,,,27,7,20,0,0,2,,,,,,,,,,,,,,,,,,,,,,,,,,,,,,,no,3
706,10/6/19 11:18,R_ykYB9DqNGkuDowp,,,,,,,,,,,,,,,,,,,,,,,,,,,,,,,,,,,,,,,,,,,20,2,20,1,0,3,"The first question in the reading comprehension seemed a little off to me. The story doesn't say if 2 more people are going to use the knife. It is implied, but I'm not sure if that was what you were looking for.",8
245,10/6/19 11:18,R_1KfJ1ylUkq6ksEY,0,19,20,1,0,3,,,,,,,,,,,,,,,,,,,,,,,,,,,,,,,,,,,,,,,,,,,One of the comprehension questions was worded oddly,1
344,10/6/19 11:18,R_1MYisrGhR3RMQXT,,,,,,,,,,,,,0,19,20,0,0,3,,,,,,,,,,,,,,,,,,,,,,,,,,,,,,,I wasn't sure if John was included in the number 20 of people who trap rabbits or not,3
139,10/6/19 11:18,R_2dva0YgmCnOoLWZ,,,,,,,,,,,,,0,20,20,0,0,3,,,,,,,,,,,,,,,,,,,,,,,,,,,,,,,no,3
295,10/6/19 11:18,R_3szSbWVWvwKIrJg,,,,,,,,,,,,,,,,,,,,,,,,,,,,,,,20,0,20,1,0,3,,,,,,,,,,,,,No,6
300,10/6/19 11:19,R_1Izw7t4lXOCSkf8,,,,,,,,,,,,,0,20,20,0,0,3,,,,,,,,,,,,,,,,,,,,,,,,,,,,,,,"The questions asking ""how many people"" were a bit unclear; it would be better if the questions made it clear that they were looking for a specific number.",3
175,10/6/19 11:19,R_277iBXb7FjSYAsf,0,20,20,1,0,3,,,,,,,,,,,,,,,,,,,,,,,,,,,,,,,,,,,,,,,,,,,no,1
361,10/6/19 11:19,R_2t0ciBN726fdbcN,,,,,,,0,0,20,1,0,3,,,,,,,,,,,,,,,,,,,,,,,,,,,,,,,,,,,,,No.,2
258,10/6/19 11:19,R_2zwsEVOCtE2e9sg,0,20,20,1,0,3,,,,,,,,,,,,,,,,,,,,,,,,,,,,,,,,,,,,,,,,,,,no,1
224,10/6/19 11:19,R_1dGF2djG5VhlwaC,,,,,,,,,,,,,,,,,,,,,,,,,,,,,,,,,,,,,0,20,20,0,0,2,,,,,,,No,7
1176,10/6/19 11:19,R_3314VuLpJUhTB5j,,,,,,,,,,,,,,,,,,,,,,,,,,,,,,,,,,,,,,,,,,,20,0,20,0,0,3,Just had too keep reading it.  If anything was unclear it was my own comprehension.,8
181,10/6/19 11:20,R_1etsbrWFknLlagK,,,,,,,,,,,,,,,,,,,,,,,,,20,20,20,0,0,2,,,,,,,,,,,,,,,,,,,no,5
485,10/6/19 11:20,R_bmk52habFSzDM2J,,,,,,,,,,,,,,,,,,,,,,,,,,,,,,,0,0,20,1,0,3,,,,,,,,,,,,,"No, the story was informative relative to the questions.",6
218,10/6/19 11:20,R_1KmcxM2HSpWVXJg,,,,,,,,,,,,,,,,,,,,,,,,,,,,,,,0,0,20,1,0,3,,,,,,,,,,,,,no,6
291,10/6/19 11:20,R_3k7GERBashtlP4o,,,,,,,,,,,,,,,,,,,,,,,,,,,,,,,,,,,,,,,,,,,0,0,20,1,0,3,no,8
374,10/6/19 11:20,R_3KHjcb9KliNcIXh,,,,,,,,,,,,,,,,,,,20,0,3,0,0,2,,,,,,,,,,,,,,,,,,,,,,,,,no,4
176,10/6/19 11:20,R_1rjOFp2mMTrgrYJ,,,,,,,,,,,,,0,20,20,0,0,2,,,,,,,,,,,,,,,,,,,,,,,,,,,,,,,no,3
272,10/6/19 11:20,R_dcjJLngL50LNh85,,,,,,,0,0,20,1,0,3,,,,,,,,,,,,,,,,,,,,,,,,,,,,,,,,,,,,,No,2
332,10/6/19 11:20,R_1eFtiV72633dsKT,,,,,,,,,,,,,,,,,,,0,0,20,0,0,3,,,,,,,,,,,,,,,,,,,,,,,,,No,4
165,10/6/19 11:20,R_2Yccltu0tk2QX6a,,,,,,,,,,,,,,,,,,,,,,,,,,,,,,,0,0,20,1,0,3,,,,,,,,,,,,,no,6
1204,10/6/19 11:21,R_2yseTzbBlgNFUDz,,,,,,,,,,,,,,,,,,,,,,,,,0,20,20,1,0,2,,,,,,,,,,,,,,,,,,,"No, it was clear. ",5
386,10/6/19 11:21,R_2tGwiVEraJWH5cD,,,,,,,,,,,,,,,,,,,,,,,,,,,,,,,,,,,,,0,7,20,0,0,3,,,,,,,none,7
237,10/6/19 11:21,R_2ZTTNXVDUXoUotq,,,,,,,,,,,,,,,,,,,0,0,20,0,0,2,,,,,,,,,,,,,,,,,,,,,,,,,how are the 3 people trap rule enforced?,4
190,10/6/19 11:21,R_2e84pC7VeTDuZFo,,,,,,,,,,,,,,,,,,,,,,,,,,,,,,,,,,,,,,,,,,,0,0,20,1,0,3,No,8
183,10/6/19 11:21,R_pA8ypdsL3bYxwSR,,,,,,,,,,,,,,,,,,,,,,,,,,,,,,,,,,,,,,,,,,,0,0,20,1,0,3,no,8
268,10/6/19 11:21,R_1loeorv8bkTyDtC,0,19,20,0,0,2,,,,,,,,,,,,,,,,,,,,,,,,,,,,,,,,,,,,,,,,,,,NO,1
315,10/6/19 11:21,R_b72Em3wqoFHEQlH,,,,,,,,,,,,,,,,,,,,,,,,,,,,,,,,,,,,,,,,,,,0,0,20,1,0,3,No,8
156,10/6/19 11:21,R_2eQI69KMVlHbnre,,,,,,,,,,,,,,,,,,,0,0,20,1,0,3,,,,,,,,,,,,,,,,,,,,,,,,,no,4
165,10/6/19 11:21,R_2DYU2ZtKxVFERF5,,,,,,,,,,,,,,,,,,,,,,,,,,,,,,,,,,,,,0,20,20,1,0,3,,,,,,,No,7
196,10/6/19 11:21,R_3lA08kRV8RmI2iA,,,,,,,,,,,,,,,,,,,,,,,,,1,19,20,0,0,2,,,,,,,,,,,,,,,,,,,no,5
1136,10/6/19 11:22,R_3oHKKvXTWgDghpu,,,,,,,0,0,20,1,0,3,,,,,,,,,,,,,,,,,,,,,,,,,,,,,,,,,,,,,no,2
369,10/6/19 11:22,R_1jWj2oL3gTkRZea,,,,,,,,,,,,,,,,,,,,,,,,,,,,,,,,,,,,,0,20,20,1,0,3,,,,,,,no,7
234,10/6/19 11:22,R_2uwX4EiB6kx23Bo,,,,,,,0,0,20,1,0,3,,,,,,,,,,,,,,,,,,,,,,,,,,,,,,,,,,,,,Just the second question. It seems like the answer is 0 people would know if he was using it as it said that no one could tell from a distance but it he really went to all the other people to talk to them about it they would then indeed know he planned on using it.,2
312,10/6/19 11:22,R_OHmsUKcc8WFArnP,,,,,,,,,,,,,,,,,,,0,0,20,0,0,3,,,,,,,,,,,,,,,,,,,,,,,,,no,4
235,10/6/19 11:22,R_2aQWpSOhWQqNZFf,0,20,20,0,0,3,,,,,,,,,,,,,,,,,,,,,,,,,,,,,,,,,,,,,,,,,,,"Just the story, not the survey itself.",1
189,10/6/19 11:23,R_1LIktKXz552Ybfh,,,,,,,,,,,,,,,,,,,,,,,,,,,,,,,,,,,,,20,0,20,1,0,1,,,,,,,NO NOT AT ALL,7
360,10/6/19 11:23,R_3EG7EvcGKowndHY,,,,,,,,,,,,,,,,,,,,,,,,,0,20,20,1,0,3,,,,,,,,,,,,,,,,,,,No,5
178,10/6/19 11:23,R_3ND6Ts9uxLOKzid,,,,,,,,,,,,,,,,,,,,,,,,,,,,,,,,,,,,,,,,,,,0,0,20,0,0,3,no,8
288,10/6/19 11:23,R_3PXqZe4TbKS7jwn,,,,,,,,,,,,,,,,,,,,,,,,,,,,,,,20,0,20,1,0,1,,,,,,,,,,,,,,6
308,10/6/19 11:23,R_pNamTVEMayIWqw9,,,,,,,,,,,,,0,20,20,0,0,3,,,,,,,,,,,,,,,,,,,,,,,,,,,,,,,no,3
199,10/6/19 11:24,R_r1MRhYvfoFhkeqd,,,,,,,,,,,,,,,,,,,,,,,,,,,,,,,,,,,,,20,20,20,1,0,3,,,,,,,no,7
426,10/6/19 11:24,R_PML2DSzqOUQvu0x,,,,,,,,,,,,,,,,,,,,,,,,,,,,,,,,,,,,,20,20,20,1,1,1,,,,,,,no,7
192,10/6/19 11:25,R_3pflwQtoJNTj93e,,,,,,,,,,,,,,,,,,,,,,,,,,,,,,,,,,,,,,,,,,,20,0,20,1,0,3,,8
269,10/6/19 11:25,R_OxlNs6AxoyAhCjT,,,,,,,0,0,20,1,0,3,,,,,,,,,,,,,,,,,,,,,,,,,,,,,,,,,,,,,no,2
251,10/6/19 11:25,R_302xrRRVZLK9xch,,,,,,,,,,,,,,,,,,,0,0,20,0,0,3,,,,,,,,,,,,,,,,,,,,,,,,,no,4
169,10/6/19 11:25,R_vTToXTeY8LOqH5f,,,,,,,0,0,20,0,0,2,,,,,,,,,,,,,,,,,,,,,,,,,,,,,,,,,,,,,no,2
434,10/6/19 11:25,R_1qTZHz5QOU9l2xA,,,,,,,,,,,,,,,,,,,0,0,20,1,0,3,,,,,,,,,,,,,,,,,,,,,,,,,no,4
107,10/6/19 11:26,R_2OW2P0rhpppKqh1,,,,,,,,,,,,,,,,,,,,,,,,,19,3,20,0,0,3,,,,,,,,,,,,,,,,,,,none,5
127,10/6/19 11:26,R_3eyk5oEcv7eJN2r,,,,,,,,,,,,,20,3,20,1,0,3,,,,,,,,,,,,,,,,,,,,,,,,,,,,,,,"NOTHING AT ALL, REALLY SIMPLE COOL SURVEY",3
161,10/6/19 11:26,R_3oZ2nciak1XTw9c,0,19,20,0,0,3,,,,,,,,,,,,,,,,,,,,,,,,,,,,,,,,,,,,,,,,,,,no,1
191,10/6/19 11:26,R_b2zDVhdR3MRi9WN,,,,,,,,,,,,,,,,,,,,,,,,,,,,,,,0,0,20,1,0,3,,,,,,,,,,,,,no,6
277,10/6/19 11:26,R_3e8jiyGOmvBK77H,,,,,,,,,,,,,,,,,,,,,,,,,,,,,,,0,0,20,0,0,3,,,,,,,,,,,,,this survey was a little confusing,6
1251,10/6/19 11:26,R_2AGTTEKe0VVnP5O,,,,,,,,,,,,,,,,,,,,,,,,,0,20,20,0,0,3,,,,,,,,,,,,,,,,,,,"nothing really except the last question...maybe say if only John uses the gun. Because the way it was worded, any answer would have been relevant to that question",5
281,10/6/19 11:26,R_1g5d6B8saZyXUau,,,,,,,0,0,20,1,0,3,,,,,,,,,,,,,,,,,,,,,,,,,,,,,,,,,,,,,No.,2
232,10/6/19 11:26,R_3EGf7FEOdaHsxfw,,,,,,,,,,,,,0,19,20,1,0,3,,,,,,,,,,,,,,,,,,,,,,,,,,,,,,,No,3
172,10/6/19 11:27,R_DjD9UQiqFrObVEB,,,,,,,,,,,,,,,,,,,,,,,,,,,,,,,0,0,20,0,0,2,,,,,,,,,,,,,No,6
1565,10/6/19 11:27,R_2Cxge4vaW2Ug4Mt,0,20,20,0,1,2,,,,,,,,,,,,,,,,,,,,,,,,,,,,,,,,,,,,,,,,,,,"The story wasn't exactly confusing but it wasn't really an easy read. Also, the questions weren't one hundred percent clear, I just mean that the questions could be answered in many different ways. It wouldn't really let me elaborate.",1
266,10/6/19 11:27,R_1HjKTlx6KmWw60G,,,,,,,,,,,,,,,,,,,2,0,20,1,0,3,,,,,,,,,,,,,,,,,,,,,,,,,no,4
163,10/6/19 11:27,R_3iFsN3fNNoyGDbD,,,,,,,,,,,,,0,19,20,1,0,3,,,,,,,,,,,,,,,,,,,,,,,,,,,,,,,No,3
135,10/6/19 11:27,R_3HvinkHYYSZv4hX,,,,,,,,,,,,,,,,,,,,,,,,,,,,,,,,,,,,,,,,,,,0,0,20,1,0,2,,8
133,10/6/19 11:28,R_2B4CGINQRCPzgHu,,,,,,,,,,,,,,,,,,,,,,,,,,,,,,,,,,,,,0,19,20,1,0,3,,,,,,,No.,7
187,10/6/19 11:28,R_3PjImwCddsFxoam,,,,,,,,,,,,,,,,,,,,,,,,,,,,,,,0,0,20,0,0,3,,,,,,,,,,,,,no,6
359,10/6/19 11:28,R_b72WLIQ3zMA9dgl,,,,,,,,,,,,,,,,,,,,,,,,,,,,,,,,,,,,,0,20,20,0,0,2,,,,,,,No,7
473,10/6/19 11:28,R_PTLAkHCjFLyhzi1,,,,,,,,,,,,,,,,,,,,,,,,,20,20,20,1,0,2,,,,,,,,,,,,,,,,,,,No,5
399,10/6/19 11:28,R_d4l6zWSfjfqDM7D,,,,,,,,,,,,,,,,,,,,,,,,,,,,,,,,,,,,,0,20,20,0,0,3,,,,,,,No. Everything was clear.,7
443,10/6/19 11:28,R_2ylUtFDO38NLdxV,,,,,,,,,,,,,,,,,,,,,,,,,2,20,20,1,0,2,,,,,,,,,,,,,,,,,,,"No, but I answered 2 for the question about who knew John would be using the gun. The seller and John would be the bare minumum.",5
239,10/6/19 11:29,R_2n5McIwTO0MuhBn,,,,,,,20,0,20,1,0,3,,,,,,,,,,,,,,,,,,,,,,,,,,,,,,,,,,,,,None,2
276,10/6/19 11:29,R_31GXaNVe3VjsyTq,20,3,20,1,1,3,,,,,,,,,,,,,,,,,,,,,,,,,,,,,,,,,,,,,,,,,,,The questions were,1
150,10/6/19 11:29,R_PNk150L8PtzfnBT,,,,,,,0,0,20,1,0,3,,,,,,,,,,,,,,,,,,,,,,,,,,,,,,,,,,,,,no,2
416,10/6/19 11:29,R_1fklkkB7lKCCK5p,,,,,,,,,,,,,,,,,,,0,0,20,1,0,3,,,,,,,,,,,,,,,,,,,,,,,,,The only thing unclear was whether or not either of the traps are humane.,4
281,10/6/19 11:29,R_1ite5G2WqejvwA7,0,20,20,0,0,3,,,,,,,,,,,,,,,,,,,,,,,,,,,,,,,,,,,,,,,,,,,"The number of people was confusing. It said there were 20 people, but John talked to 20, so that would make 21 including him",1
312,10/6/19 11:29,R_pxDAdn6myFokPGF,,,,,,,,,,,,,,,,,,,,,,,,,1,20,20,0,0,2,,,,,,,,,,,,,,,,,,,no,5
338,10/6/19 11:29,R_3OkrbWRGUInGTTm,,,,,,,,,,,,,,,,,,,0,0,20,1,0,3,,,,,,,,,,,,,,,,,,,,,,,,,No,4
571,10/6/19 11:29,R_1HpBIkenPUe0AyW,,,,,,,20,20,20,0,0,2,,,,,,,,,,,,,,,,,,,,,,,,,,,,,,,,,,,,,no,2
422,10/6/19 11:29,R_BS5s8VOLyifvDxf,,,,,,,,,,,,,,,,,,,,,,,,,,,,,,,,,,,,,,,,,,,0,0,20,1,0,3,no,8
234,10/6/19 11:30,R_PzxKMmlJjSvuISt,,,,,,,,,,,,,,,,,,,,,,,,,,,,,,,,,,,,,0,0,20,1,0,3,,,,,,,no,7
166,10/6/19 11:30,R_3UlZdRMr6g9wM4p,,,,,,,,,,,,,0,20,20,1,0,3,,,,,,,,,,,,,,,,,,,,,,,,,,,,,,,no,3
220,10/6/19 11:30,R_2wv19YxrhF5YT7t,,,,,,,,,,,,,,,,,,,,,,,,,,,,,,,,,,,,,,,,,,,0,0,20,1,1,2,No.,8
222,10/6/19 11:30,R_1rufMrtyYzqM6SG,,,,,,,,,,,,,,,,,,,,,,,,,,,,,,,0,0,20,1,0,3,,,,,,,,,,,,,no,6
139,10/6/19 11:30,R_3My7gkTnahzMAFw,,,,,,,7,3,20,1,0,2,,,,,,,,,,,,,,,,,,,,,,,,,,,,,,,,,,,,,No,2
189,10/6/19 11:31,R_1rftfsWUUBVwEeO,,,,,,,,,,,,,,,,,,,,,,,,,0,3,20,0,0,3,,,,,,,,,,,,,,,,,,,no,5
219,10/6/19 11:31,R_29ddGFIwMD8X81W,,,,,,,,,,,,,,,,,,,,,,,,,,,,,,,,,,,,,,,,,,,0,0,20,1,0,3,no,8
384,10/6/19 11:31,R_3hGVdJeWI7tBNhO,,,,,,,,,,,,,,,,,,,20,0,7,1,0,3,,,,,,,,,,,,,,,,,,,,,,,,,no,4
200,10/6/19 11:31,R_3qg4G4i9tMJ482q,,,,,,,,,,,,,,,,,,,,,,,,,,,,,,,,,,,,,0,20,20,0,0,2,,,,,,,no,7
197,10/6/19 11:31,R_XYaLYLv2sdNn9mN,,,,,,,,,,,,,,,,,,,,,,,,,,,,,,,,,,,,,,,,,,,0,0,20,1,0,3,No,8
235,10/6/19 11:31,R_22P1tHbfhoG7aRW,,,,,,,,,,,,,,,,,,,,,,,,,,,,,,,0,0,20,0,0,3,,,,,,,,,,,,,no,6
352,10/6/19 11:31,R_1E4oL6AO5i2Lllk,,,,,,,,,,,,,20,20,20,0,0,2,,,,,,,,,,,,,,,,,,,,,,,,,,,,,,,there should be limits to who uses the traps in stoneyvill. also i was unsure how many people would know if he used them.,3
143,10/6/19 11:31,R_3eyMjFbCf0IiQYV,,,,,,,0,0,20,1,0,3,,,,,,,,,,,,,,,,,,,,,,,,,,,,,,,,,,,,,no,2
273,10/6/19 11:32,R_1dzqII79F8szuZ4,7,3,20,0,0,2,,,,,,,,,,,,,,,,,,,,,,,,,,,,,,,,,,,,,,,,,,,no,1
444,10/6/19 11:32,R_3qWMP7VmeMD4ced,,,,,,,,,,,,,,,,,,,,,,,,,,,,,,,,,,,,,0,19,20,1,0,3,,,,,,,No,7
285,10/6/19 11:32,R_TmV4a5onnKlmrIJ,,,,,,,,,,,,,,,,,,,0,0,20,1,0,3,,,,,,,,,,,,,,,,,,,,,,,,,yes. the story is confusing,4
210,10/6/19 11:32,R_1FhrzsvpWUnUOKn,,,,,,,,,,,,,,,,,,,,,,,,,,,,,,,,,,,,,0,20,20,1,0,3,,,,,,,no,7
214,10/6/19 11:32,R_3Gvncjr0KffiMlm,,,,,,,0,0,20,0,0,3,,,,,,,,,,,,,,,,,,,,,,,,,,,,,,,,,,,,,nothing,2
478,10/6/19 11:33,R_9A0b6gx5M8MVq5b,,,,,,,,,,,,,,,,,,,0,3,20,1,0,3,,,,,,,,,,,,,,,,,,,,,,,,,no,4
330,10/6/19 11:33,R_DIczuM22fYHFsu5,,,,,,,,,,,,,,,,,,,1,0,20,0,0,3,,,,,,,,,,,,,,,,,,,,,,,,,No.,4
223,10/6/19 11:33,R_2yjygc3iZdWC0Xe,0,20,20,0,1,2,,,,,,,,,,,,,,,,,,,,,,,,,,,,,,,,,,,,,,,,,,,no,1
388,10/6/19 11:33,R_3OqZOyUBiwzecs3,,,,,,,,,,,,,,,,,,,,,,,,,,,,,,,,,,,,,,,,,,,0,0,20,1,0,3,no,8
304,10/6/19 11:34,R_3MJS7HjlAlOTqDc,,,,,,,,,,,,,0,19,20,1,0,3,,,,,,,,,,,,,,,,,,,,,,,,,,,,,,,"Unclear if there were 20 people + John or 19 people + John as it says he managed to talk to all 20 people (implying he would be the 21st), but also says only 20 people catch.",3
200,10/6/19 11:34,R_bJhxxkVn5KWyFxL,,,,,,,,,,,,,,,,,,,0,0,20,1,0,3,,,,,,,,,,,,,,,,,,,,,,,,,no,4
319,10/6/19 11:34,R_3M6w55FnHzzIgCj,,,,,,,,,,,,,,,,,,,,,,,,,,,,,,,0,0,20,1,0,3,,,,,,,,,,,,,No,6
165,10/6/19 11:34,R_3nwq9W52USThe8g,0,2,2,0,0,2,,,,,,,,,,,,,,,,,,,,,,,,,,,,,,,,,,,,,,,,,,,"Yes- if  he speaks to the 20 who would like to clam and he clams as well, there are actually 21 people who clam there...",1
205,10/6/19 11:34,R_2SoTO9v1NA32Ukv,,,,,,,,,,,,,,,,,,,,,,,,,,,,,,,0,0,20,1,0,3,,,,,,,,,,,,,No,6
214,10/6/19 11:35,R_1Pd7f52g0usEZ4U,,,,,,,,,,,,,0,0,20,0,0,2,,,,,,,,,,,,,,,,,,,,,,,,,,,,,,,The questions were kind of confusing,3
499,10/6/19 11:35,R_2Y5mfKjNvVKXDg6,0,0,20,0,0,2,,,,,,,,,,,,,,,,,,,,,,,,,,,,,,,,,,,,,,,,,,,what the other people thought about John and if they would join with him ,1
298,10/6/19 11:35,R_ulT0kD3BKSVGVVL,,,,,,,,,,,,,1,19,20,0,0,3,,,,,,,,,,,,,,,,,,,,,,,,,,,,,,,"The number of people who would know comprehension question is problimatic, not sure if you meant how many people other than John, and if so, if you wanted the person running the store at the time of purchase to be included.  Depending on how the question was interpreted, responses of 0, 1, or 2 would all seem valid.",3
317,10/6/19 11:35,R_1I7eM3reUrUJnZa,,,,,,,,,,,,,,,,,,,,,,,,,0,20,20,0,0,3,,,,,,,,,,,,,,,,,,,No,5
255,10/6/19 11:36,R_1EdkeIA73y6D6hj,,,,,,,,,,,,,,,,,,,,,,,,,0,3,20,1,0,3,,,,,,,,,,,,,,,,,,,Not really you just had to pay attention to the story,5
201,10/6/19 11:36,R_z8xGT9Eiu3PpJxD,,,,,,,,,,,,,,,,,,,0,0,20,1,0,3,,,,,,,,,,,,,,,,,,,,,,,,,no,4
844,10/6/19 11:36,R_2glcZSXEDtCcj3X,,,,,,,,,,,,,0,2,20,0,0,3,,,,,,,,,,,,,,,,,,,,,,,,,,,,,,,yes,3
345,10/6/19 11:36,R_2q2RQAG1JHmBu4u,,,,,,,,,,,,,,,,,,,,,,,,,,,,,,,,,,,,,1,0,20,1,0,3,,,,,,,no,7
159,10/6/19 11:37,R_3FXMGTbcqPnwmFv,,,,,,,,,,,,,,,,,,,,,,,,,,,,,,,,,,,,,,,,,,,0,0,20,0,0,3,Not really,8
151,10/6/19 11:38,R_8DjgxTrh5qZEEff,,,,,,,,,,,,,,,,,,,,,,,,,0,20,20,1,0,3,,,,,,,,,,,,,,,,,,,no,5
361,10/6/19 11:38,R_22K5t5BeOi6Rvgc,0,20,20,0,0,3,,,,,,,,,,,,,,,,,,,,,,,,,,,,,,,,,,,,,,,,,,,no,1
225,10/6/19 11:38,R_1OOiwO82E40Ct1Z,,,,,,,,,,,,,,,,,,,,,,,,,,,,,,,,,,,,,,,,,,,0,0,20,1,0,3,no,8
175,10/6/19 11:38,R_30dd8TujCBRHQPg,,,,,,,,,,,,,,,,,,,,,,,,,,,,,,,0,0,20,1,0,3,,,,,,,,,,,,,nope,6
870,10/6/19 11:39,R_2rUCWI1qnirVkA1,,,,,,,0,7,20,0,0,2,,,,,,,,,,,,,,,,,,,,,,,,,,,,,,,,,,,,,No,2
329,10/6/19 11:39,R_1IK00y66hA9ldW4,,,,,,,,,,,,,,,,,,,,,,,,,,,,,,,,,,,,,0,20,20,0,0,2,,,,,,,"""If 7 or more people started using the new knife for foraging, then by the end of the summer, the entire mushroom population would collapse and there would be no more mushrooms in Stonyville ever again.  None of the vacationers would want that to happen.  However, up to 3 people can use the new knife with no decrease at all in the mushroom population"" Is it 3 people or 7? This makes no sense.",7
163,10/6/19 11:39,R_3kFAujvGguvnglD,,,,,,,,,,,,,,,,,,,,,,,,,,,,,,,,,,,,,0,19,20,1,0,3,,,,,,,no,7
231,10/6/19 11:39,R_1nMVcLl83l9bsUx,,,,,,,,,,,,,0,20,20,0,0,2,,,,,,,,,,,,,,,,,,,,,,,,,,,,,,,"Although the other villagers could not see what trap John was using at a distance, would they not still know from the effects of him using the traps? In addition, the question about ""health"" was ambiguous. It was established that the trap would reduce the rabbit population, but not how it would affect their health. Please advise.",3
485,10/6/19 11:39,R_1OSMUCGlsE9TaKD,,,,,,,1,0,20,1,0,2,,,,,,,,,,,,,,,,,,,,,,,,,,,,,,,,,,,,,,2
261,10/6/19 11:39,R_1DTlcxqw6w5PcMm,0,20,20,0,0,3,,,,,,,,,,,,,,,,,,,,,,,,,,,,,,,,,,,,,,,,,,,no,1
263,10/6/19 11:40,R_Z2VOA0imABZkxu9,,,,,,,,,,,,,,,,,,,,,,,,,3,20,20,0,0,2,,,,,,,,,,,,,,,,,,,How many people would know if he used the gun is unclear,5
162,10/6/19 11:40,R_2YlEdBzqmd3XhAZ,,,,,,,,,,,,,,,,,,,,,,,,,,,,,,,1,0,20,1,0,3,,,,,,,,,,,,,N/A,6
190,10/6/19 11:40,R_0OFO3H6EXiXLyJX,,,,,,,,,,,,,,,,,,,,,,,,,,,,,,,,,,,,,,,,,,,1,3,20,1,0,3,no,8
201,10/6/19 11:40,R_Z1U3RkFczzafJlf,0,19,20,0,0,3,,,,,,,,,,,,,,,,,,,,,,,,,,,,,,,,,,,,,,,,,,,"If John talked to 20 people, and John is a person who regularly goes clamming on the bay, but only 20 people regularly go clamming, then it seems like either John talked to himself or there are 21 people who regularly go clamming. ",1
172,10/6/19 11:41,R_3gRYGUeAfb3wTBU,,,,,,,,,,,,,,,,,,,,,,,,,,,,,,,,,,,,,,,,,,,0,0,20,1,0,3,no,8
602,10/6/19 11:41,R_2QW2w6bAF4dvqbO,,,,,,,0,2,20,1,0,3,,,,,,,,,,,,,,,,,,,,,,,,,,,,,,,,,,,,,Nothing.  Thank you.,2
254,10/6/19 11:41,R_3nkDK6FCT0rxBsw,,,,,,,,,,,,,0,0,20,0,0,3,,,,,,,,,,,,,,,,,,,,,,,,,,,,,,,no,3
264,10/6/19 11:41,R_1BYjJyzPipxGsk4,,,,,,,0,2,20,1,0,3,,,,,,,,,,,,,,,,,,,,,,,,,,,,,,,,,,,,,No.,2
679,10/6/19 11:41,R_117P9OnEIFcLdZK,,,,,,,,,,,,,,,,,,,20,7,20,0,0,3,,,,,,,,,,,,,,,,,,,,,,,,,n/a,4
206,10/6/19 11:41,R_A6iBDMQ9sjr0Sjv,,,,,,,,,,,,,,,,,,,,,,,,,,,,,,,,,,,,,0,20,21,0,0,3,,,,,,,no,7
284,10/6/19 11:41,R_25LoCyeAJh2VzmF,,,,,,,,,,,,,,,,,,,0,0,20,1,0,3,,,,,,,,,,,,,,,,,,,,,,,,,No,4
216,10/6/19 11:41,R_3fBpfz38cS43EUz,,,,,,,,,,,,,,,,,,,0,0,20,1,0,3,,,,,,,,,,,,,,,,,,,,,,,,,No,4
342,10/6/19 11:42,R_2BwB7l8vIiGqlUy,,,,,,,,,,,,,,,,,,,,,,,,,,,,,,,,,,,,,0,19,20,0,0,3,,,,,,,"Yes.  ""How many people, besides John, want to use the new knife?""  I said 19 since everyone indicated that they DID want to capture mushrooms faster.  But you may have been looking for 0, since no one was intending to actually use it.  ""If John starts using the knife, how many people will know about it?""  I wrote 0, but I wanted to write ""1"" (John himself will know).  So both of those questions confused me.",7
194,10/6/19 11:42,R_2AQMX6VQYnYco8J,,,,,,,,,,,,,,,,,,,,,,,,,0,20,20,1,0,2,,,,,,,,,,,,,,,,,,,The story was convoluted and a bit difficult to understand where it was leading. ,5
137,10/6/19 11:42,R_2cAsqlEyzS2muE2,,,,,,,,,,,,,,,,,,,,,,,,,0,3,20,0,0,2,,,,,,,,,,,,,,,,,,,no,5
260,10/6/19 11:42,R_22y5q1dLkOzrDxS,,,,,,,0,0,20,1,0,3,,,,,,,,,,,,,,,,,,,,,,,,,,,,,,,,,,,,,No,2
210,10/6/19 11:42,R_3oyyUO7nnjNrlB6,,,,,,,,,,,,,,,,,,,,,,,,,,,,,,,1,7,20,0,0,2,,,,,,,,,,,,,I had to give precise numbers in some cases where it can't be determined.,6
232,10/6/19 11:43,R_294v8KjRfJrWWn3,0,0,20,1,0,3,,,,,,,,,,,,,,,,,,,,,,,,,,,,,,,,,,,,,,,,,,,no,1
487,10/6/19 11:43,R_33DTh4yYXziLTTh,,,,,,,20,0,20,1,0,3,,,,,,,,,,,,,,,,,,,,,,,,,,,,,,,,,,,,,no,2
298,10/6/19 11:43,R_2rHMGzLPIjB3YnH,,,,,,,0,0,20,1,0,3,,,,,,,,,,,,,,,,,,,,,,,,,,,,,,,,,,,,,"On the question to verify that you had read the story. For how many people would know John was using it, I answered 0, but the argument could also be made for 1 or 2 people. John, and the shop owner. ",2
262,10/6/19 11:43,R_2Qnbd7fZZ3a0VkM,,,,,,,,,,,,,,,,,,,,,,,,,,,,,,,,,,,,,,,,,,,20,3,20,1,0,3,"Nothing, ty.",8
789,10/6/19 11:43,R_29oaKLDlssuiBJH,,,,,,,,,,,,,,,,,,,,,,,,,,,,,,,,,,,,,0,20,20,0,0,3,,,,,,,"I think the last question about the effect it will have is unclear because there is more to it, if ONLY john uses it it will make no difference, but it will if more people have that idea.",7
195,10/6/19 11:43,R_3CSnjBlSDQeQcrD,,,,,,,,,,,,,,,,,,,20,0,20,1,0,3,,,,,,,,,,,,,,,,,,,,,,,,,no,4
134,10/6/19 11:43,R_YPI8uMp4pqXNnR7,,,,,,,,,,,,,,,,,,,,,,,,,,,,,,,0,20,20,1,0,3,,,,,,,,,,,,,no,6
214,10/6/19 11:43,R_2OJwX4rKXSBoPJ5,,,,,,,,,,,,,0,20,20,0,0,3,,,,,,,,,,,,,,,,,,,,,,,,,,,,,,,Nothing,3
179,10/6/19 11:44,R_9GfGDjV3M0NjkgV,0,20,20,1,0,3,,,,,,,,,,,,,,,,,,,,,,,,,,,,,,,,,,,,,,,,,,,No,1
213,10/6/19 11:44,R_00wXjKXCZvKiTfP,,,,,,,,,,,,,,,,,,,,,,,,,,,,,,,,,,,,,0,19,20,1,0,2,,,,,,,Nothing was unclear,7
504,10/6/19 11:44,R_DNbFRA7lLiGC6Vb,,,,,,,,,,,,,,,,,,,0,0,20,0,0,3,,,,,,,,,,,,,,,,,,,,,,,,,None,4
229,10/6/19 11:45,R_1pQcw6Z8OgoAIT2,,,,,,,0,0,20,1,0,3,,,,,,,,,,,,,,,,,,,,,,,,,,,,,,,,,,,,,,2
102,10/6/19 11:45,R_2WD549SQbKhTNwN,,,,,,,,,,,,,,,,,,,20,20,20,1,1,2,,,,,,,,,,,,,,,,,,,,,,,,,Long story ,4
240,10/6/19 11:45,R_xayy2befTb0vy81,,,,,,,,,,,,,0,19,20,0,0,3,,,,,,,,,,,,,,,,,,,,,,,,,,,,,,,No,3
223,10/6/19 11:46,R_6z1tJessL6gTunf,,,,,,,,,,,,,,,,,,,,,,,,,,,,,,,,,,,,,3,7,20,0,0,2,,,,,,,No,7
171,10/6/19 11:46,R_XZDl830w9ohVHhf,,,,,,,,,,,,,,,,,,,20,0,20,1,0,3,,,,,,,,,,,,,,,,,,,,,,,,,no,4
933,10/6/19 11:46,R_29afkPLzEEJ9ycq,,,,,,,,,,,,,,,,,,,,,,,,,,,,,,,,,,,,,,,,,,,20,0,20,1,0,3,No,8
267,10/6/19 11:46,R_1d6UYV3kJm2VbOD,,,,,,,,,,,,,,,,,,,,,,,,,19,19,20,0,0,3,,,,,,,,,,,,,,,,,,,No,5
432,10/6/19 11:46,R_3w0HfNIThvBkKpb,0,19,19,1,0,3,,,,,,,,,,,,,,,,,,,,,,,,,,,,,,,,,,,,,,,,,,,No,1
176,10/6/19 11:46,R_2dTo3T22AzyNXSM,,,,,,,,,,,,,,,,,,,,,,,,,,,,,,,,,,,,,0,20,20,1,0,3,,,,,,,No,7
194,10/6/19 11:46,R_1NrgwsnCefjXbJZ,,,,,,,,,,,,,0,19,20,0,0,3,,,,,,,,,,,,,,,,,,,,,,,,,,,,,,,No,3
787,10/6/19 11:46,R_27maGPRBgMwAavk,,,,,,,,,,,,,0,20,20,0,0,3,,,,,,,,,,,,,,,,,,,,,,,,,,,,,,,no,3
330,10/6/19 11:46,R_3nw2rDNa2OL2L9R,,,,,,,,,,,,,,,,,,,,,,,,,0,3,20,0,0,3,,,,,,,,,,,,,,,,,,,nothing was unclear,5
230,10/6/19 11:46,R_1gu1ngTaQ0kXEaS,,,,,,,,,,,,,,,,,,,,,,,,,,,,,,,,,,,,,,,,,,,0,0,20,1,0,3,No,8
316,10/6/19 11:47,R_1DP7WwsM39lbcJd,,,,,,,,,,,,,,,,,,,,,,,,,,,,,,,0,0,20,1,0,3,,,,,,,,,,,,,No,6
288,10/6/19 11:47,R_0oLR2pryNRnetlT,0,20,20,1,0,3,,,,,,,,,,,,,,,,,,,,,,,,,,,,,,,,,,,,,,,,,,,I was unsure of how John related to the 20 regular clam people,1
458,10/6/19 11:47,R_24eesOyVaCgmfLW,,,,,,,,,,,,,,,,,,,,,,,,,,,,,,,0,0,20,1,0,2,,,,,,,,,,,,,no,6
256,10/6/19 11:48,R_0va9c2g0ll1Q3dv,,,,,,,,,,,,,,,,,,,,,,,,,,,,,,,,,,,,,,,,,,,0,0,20,1,0,2,no,8
824,10/6/19 11:48,R_2Tw3senxxiuHJYk,,,,,,,,,,,,,,,,,,,,,,,,,,,,,,,1,0,20,1,0,3,,,,,,,,,,,,,"The question of how many people would know if he used the gun.  - The question doesn't specify if we should count John himself.   If he is the only person who knows. .the answer would be 1. if the question was changed to ""how many people besides himself know he is using it...... etc""    (I know splitting hairs on reading comprehension but.. i have a habit of doing that.  Thank You!",6
755,10/6/19 11:49,R_1OQdlcQll52gL6d,,,,,,,,,,,,,,,,,,,,,,,,,0,20,20,1,0,3,,,,,,,,,,,,,,,,,,,No,5
779,10/6/19 11:49,R_3j8JMJPGzT5OpRP,,,,,,,,,,,,,0,20,20,1,0,3,,,,,,,,,,,,,,,,,,,,,,,,,,,,,,,"If there are 20 people who do rabbit trapping each season, how does John speak to 20? (Is John new or did he actually speak to 19?)",3
122,10/6/19 11:49,R_2OUpyAOXMSLDsk3,,,,,,,,,,,,,,,,,,,0,0,20,1,0,3,,,,,,,,,,,,,,,,,,,,,,,,,no,4
267,10/6/19 11:49,R_1o5qPrFAaCxN3YF,,,,,,,,,,,,,,,,,,,,,,,,,0,20,20,0,0,3,,,,,,,,,,,,,,,,,,,No,5
182,10/6/19 11:50,R_1FKuxRoTnHHpqVo,,,,,,,,,,,,,,,,,,,,,,,,,,,,,,,0,0,20,1,0,3,,,,,,,,,,,,,Not so far.,6
193,10/6/19 11:50,R_a4XQVHNiYgnBf7H,20,0,20,0,0,3,,,,,,,,,,,,,,,,,,,,,,,,,,,,,,,,,,,,,,,,,,,no,1
218,10/6/19 11:50,R_2tsPIwjATrjFoOE,,,,,,,,,,,,,1,20,20,1,0,3,,,,,,,,,,,,,,,,,,,,,,,,,,,,,,,"No, but no one should trap rabbits.",3
243,10/6/19 11:50,R_3h0mMUlI7WvYGW3,,,,,,,20,0,20,1,0,3,,,,,,,,,,,,,,,,,,,,,,,,,,,,,,,,,,,,,Nothing confusing or unclear.,2
881,10/6/19 11:51,R_29gMDD7RT7MDaiM,,,,,,,,,,,,,,,,,,,,,,,,,,,,,,,,,,,,,,,,,,,0,0,20,0,0,3,no,8
163,10/6/19 11:51,R_1cUI8bfsglk7oab,,,,,,,,,,,,,1,19,20,1,0,3,,,,,,,,,,,,,,,,,,,,,,,,,,,,,,,no,3
456,10/6/19 11:51,R_1GTE6U3NQo05wHC,,,,,,,,,,,,,,,,,,,,,,,,,,,,,,,0,0,20,1,0,3,,,,,,,,,,,,,No.,6
125,10/6/19 11:51,R_8wzZBRVrNaAZJ7z,,,,,,,,,,,,,,,,,,,,,,,,,,,,,,,,,,,,,1,19,20,1,0,3,,,,,,,no,7
155,10/6/19 11:51,R_A6Qp5DKX7Lrb9mN,,,,,,,,,,,,,,,,,,,,,,,,,,,,,,,0,0,20,1,0,3,,,,,,,,,,,,,no,6
148,10/6/19 11:51,R_dj834NZKYsnHyWR,,,,,,,,,,,,,,,,,,,,,,,,,,,,,,,,,,,,,0,20,20,0,0,3,,,,,,,no,7
300,10/6/19 11:51,R_6RSrpfXPnwt9TUJ,,,,,,,,,,,,,,,,,,,,,,,,,,,,,,,,,,,,,,,,,,,0,0,20,1,0,3,Nothing confusing,8
299,10/6/19 11:51,R_2PAWbpzyatIl7pc,,,,,,,,,,,,,,,,,,,,,,,,,20,20,20,1,0,3,,,,,,,,,,,,,,,,,,,nothing,5
149,10/6/19 11:51,R_3ltaAmdYy8MUT06,,,,,,,,,,,,,0,20,20,1,0,3,,,,,,,,,,,,,,,,,,,,,,,,,,,,,,,No.,3
177,10/6/19 11:52,R_ApS5B6zN7ZzRpo5,,,,,,,0,0,20,1,0,3,,,,,,,,,,,,,,,,,,,,,,,,,,,,,,,,,,,,,It was all clear.,2
155,10/6/19 11:52,R_1Qm6GeiKb927dTV,0,19,20,0,0,3,,,,,,,,,,,,,,,,,,,,,,,,,,,,,,,,,,,,,,,,,,,No,1
432,10/6/19 11:52,R_2Y98q0TrW7lkqB0,,,,,,,0,10,20,0,0,3,,,,,,,,,,,,,,,,,,,,,,,,,,,,,,,,,,,,,only how the tube actually works and how does the aluminum material impact the number of clams that are caught.,2
279,10/6/19 11:52,R_3k7VXDb9HQeWcic,,,,,,,,,,,,,,,,,,,0,0,20,1,0,3,,,,,,,,,,,,,,,,,,,,,,,,,no,4
209,10/6/19 11:53,R_2QQFx9RLW5kEO0f,,,,,,,,,,,,,,,,,,,,,,,,,,,,,,,,,,,,,,,,,,,20,0,20,0,0,2,No,8
444,10/6/19 11:53,R_2U3dlMNAkxgZPCC,,,,,,,,,,,,,,,,,,,,,,,,,0,0,20,1,0,3,,,,,,,,,,,,,,,,,,,No,5
192,10/6/19 11:54,R_2fwgEzCD9Xnvy6F,,,,,,,,,,,,,,,,,,,,,,,,,20,7,20,1,0,3,,,,,,,,,,,,,,,,,,,The story was a little confusing for me to follow.,5
176,10/6/19 11:54,R_3qrtgg2Q0puPR89,,,,,,,,,,,,,,,,,,,0,0,20,1,0,3,,,,,,,,,,,,,,,,,,,,,,,,,No,4
161,10/6/19 11:55,R_1l4cqgvw2jE3S6F,,,,,,,,,,,,,,,,,,,1,0,20,1,0,3,,,,,,,,,,,,,,,,,,,,,,,,,No,4
224,10/6/19 11:55,R_da63y2KQLQcqQTf,,,,,,,,,,,,,,,,,,,,,,,,,,,,,,,20,0,20,0,0,3,,,,,,,,,,,,,No.,6
147,10/6/19 11:55,R_3ER7z5treguJ9gC,,,,,,,,,,,,,0,19,20,0,0,3,,,,,,,,,,,,,,,,,,,,,,,,,,,,,,,no,3
516,10/6/19 11:55,R_2ostsW83Cpr5uTL,,,,,,,,,,,,,,,,,,,,,,,,,,,,,,,,,,,,,,,,,,,20,0,20,0,0,3,"The first comprehensions question made no sense, as the information was not provided. The story said nothing about if anyone else would use the knife if it had no bad effects.",8
399,10/6/19 11:56,R_12gxZ54QCYOuLPP,,,,,,,0,0,20,0,0,3,,,,,,,,,,,,,,,,,,,,,,,,,,,,,,,,,,,,,there was nothing confusing or unclear. ,2
409,10/6/19 11:57,R_33svAzWyikyV6zz,,,,,,,0,0,20,1,0,3,,,,,,,,,,,,,,,,,,,,,,,,,,,,,,,,,,,,,no,2
528,10/6/19 11:57,R_2YDNSU77Z0DC4rx,,,,,,,,,,,,,,,,,,,,,,,,,,,,,,,,,,,,,0,20,20,1,0,3,,,,,,,no,7
143,10/6/19 11:57,R_ZxgHBkSRaZE5EkN,0,20,20,1,0,2,,,,,,,,,,,,,,,,,,,,,,,,,,,,,,,,,,,,,,,,,,,no,1
527,10/6/19 11:57,R_88KtSlGVVIRjQ2t,,,,,,,,,,,,,,,,,,,,,,,,,,,,,,,0,0,20,1,0,3,,,,,,,,,,,,,no,6
263,10/6/19 11:57,R_3rMSqs1QffDldQK,,,,,,,,,,,,,,,,,,,,,,,,,,,,,,,,,,,,,,,,,,,0,0,20,1,0,3,It was very clear.,8
136,10/6/19 11:58,R_2rPB4rVYjZ9Mo4y,,,,,,,,,,,,,,,,,,,,,,,,,0,0,20,1,0,3,,,,,,,,,,,,,,,,,,,Nothing unclear,5
924,10/6/19 11:58,R_DAIIkQqPXgBnZn3,,,,,,,,,,,,,,,,,,,,,,,,,0,20,20,1,0,3,,,,,,,,,,,,,,,,,,,,5
1000,10/6/19 11:59,R_3inlTvu6EogT2fQ,0,20,20,0,0,3,,,,,,,,,,,,,,,,,,,,,,,,,,,,,,,,,,,,,,,,,,,no,1
161,10/6/19 11:59,R_2an2aHMH2RI93Ce,,,,,,,0,0,20,1,0,3,,,,,,,,,,,,,,,,,,,,,,,,,,,,,,,,,,,,,No,2
320,10/6/19 12:01,R_2vdXfkH1EIqdcrQ,,,,,,,,,,,,,,,,,,,,,,,,,,,,,,,,,,,,,0,20,20,1,0,3,,,,,,,no,7
245,10/6/19 12:01,R_28GxBlAd42QYS01,,,,,,,,,,,,,,,,,,,0,0,20,1,0,3,,,,,,,,,,,,,,,,,,,,,,,,,no,4
285,10/6/19 12:02,R_114uGDhDCGP1hhm,,,,,,,,,,,,,,,,,,,,,,,,,,,,,,,,,,,,,,,,,,,0,0,20,1,0,3,No,8
167,10/6/19 12:02,R_3oHpZrAr69URLa4,,,,,,,,,,,,,0,20,20,0,0,3,,,,,,,,,,,,,,,,,,,,,,,,,,,,,,,no,3
286,10/6/19 12:04,R_3svQ5TxGB4QMHb6,,,,,,,,,,,,,,,,,,,,,,,,,,,,,,,0,0,20,1,0,3,,,,,,,,,,,,,"nothing confusing or unclear, however, john can't be absolutely certain no one else will use the new gun, so all the answers to the questions could actually be different; like what if some or all of the people changed their minds and didn't tell anyone, etc.",6
394,10/6/19 12:08,R_1DS75pheB7e1PpB,,,,,,,,,,,,,,,,,,,,,,,,,,,,,,,,,,,,,0,20,20,0,0,3,,,,,,,"It was unclear if John was included in the 20 people, and if not, how many people actually want to forage with the new knife. Comprehension check questions could stand to be re-written.",7
1286,10/6/19 12:09,R_2cjXBlAu2v0Wugv,0,20,21,1,0,3,,,,,,,,,,,,,,,,,,,,,,,,,,,,,,,,,,,,,,,,,,,"Only if the total # of people that harvest clams is a TOTAL of 20 or 21, but it's not really confusing as he went to talk to 20 ppl, implying the total is actually 21",1
335,10/6/19 12:09,R_2PnTW6v2DT0JETM,,,,,,,,,,,,,,,,,,,,,,,,,,,,,,,,,,,,,,,,,,,20,0,20,1,0,2,no but you don't know if the other families will buy the knife and some may still buy the knife,8
270,10/6/19 12:10,R_WwA8HsryDGPszsZ,,,,,,,,,,,,,,,,,,,20,0,20,1,0,3,,,,,,,,,,,,,,,,,,,,,,,,,no,4
383,10/6/19 12:10,R_2pPimIvLcfEpDfk,,,,,,,,,,,,,,,,,,,,,,,,,,,,,,,,,,,,,,,,,,,0,7,20,0,1,3,No,8
541,10/6/19 12:10,R_3eEQp43COd6IVvr,,,,,,,20,0,20,1,0,3,,,,,,,,,,,,,,,,,,,,,,,,,,,,,,,,,,,,,no,2
174,10/6/19 12:14,R_2SHzreHdSo42v8v,,,,,,,,,,,,,,,,,,,,,,,,,7,3,20,1,1,1,,,,,,,,,,,,,,,,,,,no,5
202,10/6/19 12:16,R_1mOdFM4EhgnmwrJ,0,20,20,1,0,3,,,,,,,,,,,,,,,,,,,,,,,,,,,,,,,,,,,,,,,,,,,no,1
1410,10/6/19 12:17,R_u1wOhxn7JFbneY9,,,,,,,,,,,,,,,,,,,,,,,,,,,,,,,20,0,20,1,0,3,,,,,,,,,,,,,no,6
142,10/6/19 12:20,R_2fJ5JqqCkP93YD7,,,,,,,,,,,,,20,20,20,0,0,2,,,,,,,,,,,,,,,,,,,,,,,,,,,,,,,no,3
242,10/6/19 12:20,R_YXOyoGCKl3ADT6F,,,,,,,,,,,,,20,19,20,0,0,2,,,,,,,,,,,,,,,,,,,,,,,,,,,,,,,no,3
247,10/6/19 12:22,R_2VrRUW5O6YU3dXf,0,20,20,1,0,3,,,,,,,,,,,,,,,,,,,,,,,,,,,,,,,,,,,,,,,,,,,No,1
227,10/6/19 12:26,R_1ODKAp7L8Ilyed4,,,,,,,,,,,,,,,,,,,0,3,20,1,0,3,,,,,,,,,,,,,,,,,,,,,,,,,no,4
229,10/6/19 12:33,R_3M9xCawYJ4rEpJo,,,,,,,,,,,,,,,,,,,,,,,,,,,,,,,,,,,,,0,19,20,0,0,3,,,,,,,"On the last question, I answered assuming John exclusively is using the knife.",7
136,10/6/19 13:37,R_2foFf2cAXudlHWl,,,,,,,,,,,,,,,,,,,,,,,,,0,20,20,0,0,3,,,,,,,,,,,,,,,,,,,no,5
190,10/6/19 14:06,R_2uBW5yzibYaKQ3s,,,,,,,0,0,20,1,0,3,,,,,,,,,,,,,,,,,,,,,,,,,,,,,,,,,,,,,,2
159,10/6/19 14:06,R_1MJUWK9s0yRrGO1,,,,,,,,,,,,,,,,,,,,,,,,,,,,,,,0,0,20,1,0,3,,,,,,,,,,,,,No,6
232,10/6/19 14:08,R_2dXQgxtai8mLRIW,0,20,20,1,0,3,,,,,,,,,,,,,,,,,,,,,,,,,,,,,,,,,,,,,,,,,,,no,1
208,10/6/19 14:08,R_3MrmtW0KPc4wkgA,,,,,,,,,,,,,,,,,,,,,,,,,0,0,20,0,0,3,,,,,,,,,,,,,,,,,,,,5
184,10/6/19 14:09,R_3nSDrTmGNSpSJyV,,,,,,,,,,,,,,,,,,,,,,,,,,,,,,,0,0,20,1,0,3,,,,,,,,,,,,,no,6
169,10/6/19 14:25,R_ZJCl4xVWYTFe9Nv,,,,,,,,,,,,,,,,,,,,,,,,,,,,,,,,,,,,,,,,,,,20,0,20,0,0,3,no,8
230,10/6/19 14:29,R_2S9AqzSCfB8bIss,,,,,,,,,,,,,0,20,20,0,0,3,,,,,,,,,,,,,,,,,,,,,,,,,,,,,,,No.,3
230,10/6/19 14:30,R_2TOdfG6IwyyY4rN,,,,,,,,,,,,,,,,,,,0,0,20,1,0,3,,,,,,,,,,,,,,,,,,,,,,,,,"no, it was all clear.",4
161,10/6/19 14:41,R_UMyj1pOyfPfvAuR,,,,,,,,,,,,,,,,,,,,,,,,,,,,,,,,,,,,,0,20,20,1,0,3,,,,,,,No,7
144,10/6/19 14:41,R_RQgPqT3z1UmodjP,,,,,,,,,,,,,,,,,,,,,,,,,,,,,,,,,,,,,0,19,20,0,0,3,,,,,,,No,7
254,10/6/19 14:42,R_1flWGum3nEjVtc1,,,,,,,0,0,20,1,0,3,,,,,,,,,,,,,,,,,,,,,,,,,,,,,,,,,,,,,no,2
145,10/6/19 14:42,R_3Rk39TADZpJq0Sw,,,,,,,,,,,,,,,,,,,,,,,,,,,,,,,,,,,,,,,,,,,0,0,20,1,0,3,none,8
450,10/6/19 14:48,R_3QJpiSCZdJ3bhhD,0,20,20,0,0,3,,,,,,,,,,,,,,,,,,,,,,,,,,,,,,,,,,,,,,,,,,,the how many people would know about it question. The whole town would eventually find out he is using the new tubes. I put zero only b/c it said know could tell from a distance. ,1
172,10/6/19 14:59,R_1NER1cfaeI0hGBg,,,,,,,,,,,,,,,,,,,0,0,20,1,0,3,,,,,,,,,,,,,,,,,,,,,,,,,no,4
184,10/6/19 15:00,R_3kyPdnog3H6W6aS,,,,,,,,,,,,,,,,,,,,,,,,,0,20,20,1,0,3,,,,,,,,,,,,,,,,,,,No,5
207,10/6/19 15:00,R_3oZO97xzSEIJ4Zh,,,,,,,,,,,,,,,,,,,,,,,,,,,,,,,0,0,20,1,0,2,,,,,,,,,,,,,No,6
431,10/6/19 15:11,R_RUqfFo0pNQf8NvH,,,,,,,20,0,20,0,0,2,,,,,,,,,,,,,,,,,,,,,,,,,,,,,,,,,,,,,None,2
265,10/6/19 15:11,R_3ehlqiNJ1PSZjAN,,,,,,,,,,,,,,,,,,,,,,,,,,,,,,,0,3,20,1,0,3,,,,,,,,,,,,,"Nothing was unclear, good study! ",6
110,10/6/19 16:34,R_1d9OExb6qTlJj1k,0,20,20,0,0,3,,,,,,,,,,,,,,,,,,,,,,,,,,,,,,,,,,,,,,,,,,,Nope!,1
2404,10/6/19 18:32,R_3yqOWDpqZH4PhHH,,,,,,,,,,,,,0,20,20,1,0,3,,,,,,,,,,,,,,,,,,,,,,,,,,,,,,,no,3
115,10/6/19 20:06,R_AC0J3WMLIBD2vzH,,,,,,,,,,,,,,,,,,,,,,,,,,,,,,,,,,,,,0,19,20,0,0,3,,,,,,,no,7
297,10/6/19 21:20,R_3st96RJXp5nE3Q9,,,,,,,,,,,,,,,,,,,,,,,,,20,20,20,0,0,3,,,,,,,,,,,,,,,,,,,no,5