duration,date,subjectcode,a,b,c,d,e,f,g,h,i,j,k,l,m,n,o,p,q,r,s,comments
62,11/14/19 19:07,R_BERsPYnJXByv32h,,,,,,1,1,2,7,,,,,,,,,,,no
105,11/14/19 19:07,R_cCLhvxrwW0GSh2N,,,,,,,,,,,,,,,,1,3,1,20,No
131,11/14/19 19:08,R_2zXPnz8q31dAKc1,1,2,1,20,,,,,,,,,,,,,,,,no
144,11/14/19 19:08,R_1pSiRyJXBySTvdL,,,,,,2,2,2,20,,,,,,,,,,,
137,11/14/19 19:08,R_10BqJ866vKLgCXa,,,,,,,,,,,,,,,,1,3,1,20,no
122,11/14/19 19:08,R_2xWRK3o8GINtUH3,,,,,,1,1,1,20,,,,,,,,,,,"Yes. The questions about ""better off"" ""worse off"" don't specify whether it's immediately, or later into the summer when the fish start dying."
144,11/14/19 19:08,R_2sDyHDbIOwFYjAJ,1,2,1,20,,,,,,,,,,,,,,,,No
108,11/14/19 19:08,R_1Fkqhjqb0XkYKpe,,,,,,,,,,,,,,,,1,3,1,20,
54,11/14/19 19:08,R_uxi8xoVitkDkIJX,,,,,,,,,,,1,3,1,20,,,,,,
153,11/14/19 19:08,R_2V90gbnm2MJMfGI,,,,,,,,,,,1,3,1,20,,,,,,no
84,11/14/19 19:08,R_22ubIAKV9G4cl0Q,,,,,,3,2,3,20,,,,,,,,,,,no
185,11/14/19 19:08,R_22rzT82iCDGYEPr,,,,,,,,,,,,,,,,1,3,1,20,no
80,11/14/19 19:08,R_2wpLKoGa8S9Pr4i,,,,,,,,,,,1,3,1,20,,,,,,No
146,11/14/19 19:09,R_3G7Yjf4FqkSH76r,3,2,1,20,,,,,,,,,,,,,,,,
125,11/14/19 19:09,R_4UXAZzm8J8KfGW5,,,,,,,,,,,,,,,,1,1,1,20,no
117,11/14/19 19:09,R_25tKYb5auefZU8D,3,2,1,20,,,,,,,,,,,,,,,,no
111,11/14/19 19:09,R_3KHDBRr4j6cmElH,,,,,,,,,,,3,1,2,20,,,,,,Everything was clear
106,11/14/19 19:09,R_3hymmIo1QUPChO0,,,,,,2,2,1,20,,,,,,,,,,,no
86,11/14/19 19:09,R_2XapdcrG9rKVpLq,,,,,,,,,,,,,,,,2,2,2,20,no
116,11/14/19 19:09,R_1r32CcNO2G4cViS,1,2,1,20,,,,,,,,,,,,,,,,no
189,11/14/19 19:09,R_2BmtfuDvTaGxjaJ,,,,,,,,,,,,,,,,1,3,1,20,no
106,11/14/19 19:10,R_3dLdcv0q7x3c9PY,,,,,,,,,,,1,3,1,20,,,,,,no
189,11/14/19 19:10,R_31aNEvIcs0MVu32,,,,,,2,2,1,20,,,,,,,,,,,Boats don't go faster because the of the oil they use. Not that many people will process that but it did bother me.
121,11/14/19 19:10,R_1gnBlCd28h1e54q,,,,,,,,,,,1,3,1,20,,,,,,no
151,11/14/19 19:10,R_yyE2cHrjXFmNih3,,,,,,2,2,2,20,,,,,,,,,,,No
145,11/14/19 19:10,R_26lNAmMJrTYvVpp,,,,,,1,3,1,20,,,,,,,,,,,No
63,11/14/19 19:10,R_2rvBGAQX6qxOifW,1,2,1,20,,,,,,,,,,,,,,,,No.
142,11/14/19 19:10,R_11j99txlLEJRegC,,,,,,,,,,,,,,,,1,3,1,20,No
203,11/14/19 19:10,R_3NONk7i8BsFdwoI,1,2,1,20,,,,,,,,,,,,,,,,"No, it was all pretty clear."
112,11/14/19 19:10,R_3KuRxcvSUzHPhhW,,,,,,2,2,1,20,,,,,,,,,,,no
212,11/14/19 19:10,R_cTN4aOecLwsYuhH,2,2,1,20,,,,,,,,,,,,,,,,THE FIRST QUESTION WAS CONFUSING. I WASNT SURE IF IT WAS ASKING IF HE'D BE BETTER OFF IN THE BEGINNING (BEFORE THE FISH DIED OFF) OR AT THE END OF SUMMER WHEN THE FISH WOULD ALL HAVE DIED.
190,11/14/19 19:10,R_4VjL5Yg1RDtdKdX,1,1,1,20,,,,,,,,,,,,,,,,no
59,11/14/19 19:10,R_2zJ711IyS9oaHmD,,,,,,,,,,,3,2,3,20,,,,,,no
130,11/14/19 19:11,R_2pM4oiSQb11M5cE,,,,,,,,,,,,,,,,1,3,1,20,No.
162,11/14/19 19:11,R_pcwFMH3zGqjGt9v,3,2,3,20,,,,,,,,,,,,,,,,no
96,11/14/19 19:11,R_26eWBR1DMgsmMyq,,,,,,,,,,,,,,,,1,3,1,20,no
79,11/14/19 19:11,R_71luaQUDVOi8bMR,3,3,2,20,,,,,,,,,,,,,,,,No
92,11/14/19 19:11,R_qQHJ2Ktdu8aUehH,,,,,,,,,,,,,,,,1,2,1,20,no
135,11/14/19 19:11,R_3HULP7jVJ8i5BXF,,,,,,,,,,,1,2,1,20,,,,,,no
58,11/14/19 19:11,R_2saL36se23U9lsh,,,,,,,,,,,,,,,,3,3,3,20,
124,11/14/19 19:11,R_3Lbw0d0TpVYRKzv,,,,,,,,,,,,,,,,1,2,1,19,no.
172,11/14/19 19:11,R_3lKqKfLfRiYO7lM,,,,,,2,2,2,20,,,,,,,,,,,No
62,11/14/19 19:11,R_2wAINtF3XyOuLiA,,,,,,,,,,,1,2,1,20,,,,,,
147,11/14/19 19:11,R_3EbwLPuC18ni8ma,,,,,,,,,,,,,,,,3,3,1,20,"no, but there are no coral reefs in the lake (just sayin)"
230,11/14/19 19:11,R_vNCkeY5pFb86rCh,,,,,,,,,,,,,,,,1,3,1,20,no
282,11/14/19 19:11,R_1obaIfif51rrTaV,,,,,,,,,,,1,3,1,20,,,,,,no
66,11/14/19 19:11,R_UlQEXNCoRsDJFAZ,1,1,3,20,,,,,,,,,,,,,,,,no
229,11/14/19 19:11,R_1GTRsTrCEAHuYhe,,,,,,,,,,,1,3,1,20,,,,,,No
236,11/14/19 19:11,R_2BgKSNrgPpoIj8d,,,,,,,,,,,1,3,1,20,,,,,,no
81,11/14/19 19:12,R_21pRbgB2Qow8nQj,,,,,,1,2,1,20,,,,,,,,,,,nothing
50,11/14/19 19:12,R_1gBIxjMjIvhQ11X,,,,,,,,,,,,,,,,2,2,2,20,yes
225,11/14/19 19:12,R_30vGwXmjrC2AZDr,1,2,1,20,,,,,,,,,,,,,,,,"No, nothing was confusing."
192,11/14/19 19:12,R_1P59CY3M5MCGpLB,3,2,3,20,,,,,,,,,,,,,,,,no
131,11/14/19 19:12,R_e38Eysj4KB01P7b,2,2,2,20,,,,,,,,,,,,,,,,confusing
229,11/14/19 19:12,R_2dQRbc6kbYhoZxR,1,2,1,20,,,,,,,,,,,,,,,,
120,11/14/19 19:12,R_ueOaq1LA6SzdId3,,,,,,,,,,,,,,,,1,3,1,20,no
120,11/14/19 19:12,R_3g63DqC5TJFu0lD,,,,,,,,,,,,,,,,1,3,1,20,The survey was pretty clear. 
268,11/14/19 19:12,R_3FVxJrBpfoNl78A,,,,,,2,2,1,20,,,,,,,,,,,no
179,11/14/19 19:12,R_10GZxNsFuWzm9sE,,,,,,,,,,,1,3,1,20,,,,,,Crystal clear. 
137,11/14/19 19:12,R_1IK2LaEDJJs3RXI,2,2,1,20,,,,,,,,,,,,,,,,
94,11/14/19 19:12,R_2sTFVxVgkA3HWe2,,,,,,,,,,,,,,,,1,1,1,20,no
230,11/14/19 19:13,R_8djfP4Rcupt34Ot,,,,,,2,2,2,20,,,,,,,,,,,No
63,11/14/19 19:13,R_XgCoyq8M043fhst,,,,,,,,,,,,,,,,1,2,1,20,No
83,11/14/19 19:13,R_24uuL3GTvLi28Sa,,,,,,,,,,,1,3,1,20,,,,,,All was good
239,11/14/19 19:13,R_3QK3JGR6nNcxPaL,,,,,,2,2,2,20,,,,,,,,,,,"The questions didn't really specify if they were talking near future or after the fish genocide. Obviously in the very short term people are better off, then the fish die and John is screwed."
143,11/14/19 19:13,R_28CXvIDpiyXG8ne,2,2,1,20,,,,,,,,,,,,,,,,
202,11/14/19 19:13,R_3nCN4P4urKfXgNC,,,,,,1,1,1,20,,,,,,,,,,,"No, everything made sense."
135,11/14/19 19:13,R_Uygk6r7yOT4dcE9,,,,,,,,,,,1,3,1,20,,,,,,no
293,11/14/19 19:13,R_2pREyxcAYTFp16B,,,,,,,,,,,,,,,,1,3,1,20,no
105,11/14/19 19:13,R_3Ej6jY605ZbvfnK,,,,,,1,2,1,20,,,,,,,,,,,
317,11/14/19 19:14,R_tPvWO9iPL2jlpTz,,,,,,3,3,3,20,,,,,,,,,,,"No, I didn't find anything confusing about it.  I did, however, expect for us to elaborate on why we felt John was/wasn't better off.  "
244,11/14/19 19:14,R_31t1u4XGZrM49LL,,,,,,,,,,,3,3,1,20,,,,,,no
128,11/14/19 19:14,R_PBtEiCCNYgA8KK5,3,2,3,20,,,,,,,,,,,,,,,,no
266,11/14/19 19:14,R_Ol2wjJwOtyXtgyt,1,1,1,20,,,,,,,,,,,,,,,,NO
186,11/14/19 19:14,R_Bs9DnU8vCHJWZs5,,,,,,,,,,,,,,,,1,2,1,20,no
238,11/14/19 19:14,R_2Y5tgKOswex0jM7,,,,,,2,2,2,20,,,,,,,,,,,no
185,11/14/19 19:14,R_A1c7Ai3J9Zo0B8Z,,,,,,2,2,1,20,,,,,,,,,,,Yes 
287,11/14/19 19:14,R_3etaJ4GYTVY8Y7u,,,,,,,,,,,1,3,1,20,,,,,,no
139,11/14/19 19:15,R_8qzFy1oeXAClvc5,,,,,,,,,,,1,3,1,20,,,,,,nope
225,11/14/19 19:15,R_1E4d8r8eYoKDBEC,,,,,,1,3,1,20,,,,,,,,,,,No
144,11/14/19 19:15,R_3wy4b8TrIRTFLDH,,,,,,,,,,,,,,,,1,3,1,20,Nothing about this survey was confusing or unclear.
567,11/14/19 19:15,R_1LHk0V1mIwcxZb6,,,,,,,,,,,1,3,1,20,,,,,,I believe that I understood it well.
115,11/14/19 19:15,R_3qL5OLGr5oHLFnd,1,2,1,20,,,,,,,,,,,,,,,,
90,11/14/19 19:15,R_31oZiYSsQpnrapG,,,,,,,,,,,,,,,,1,2,1,20,
50,11/14/19 19:15,R_3HLCal3EkzaSIpm,,,,,,,,,,,3,1,1,20,,,,,,no
230,11/14/19 19:16,R_1AJKR4TJPZqWn6x,,,,,,,,,,,1,3,1,20,,,,,,not at all
125,11/14/19 19:16,R_a04L9c5nsM9Kz4Z,1,1,1,20,,,,,,,,,,,,,,,,no
80,11/14/19 19:16,R_2sXzDVIGiiTKPDM,,,,,,,,,,,,,,,,1,3,1,20,no
116,11/14/19 19:16,R_3ssTdG9TMmbGVKb,,,,,,,,,,,1,3,1,20,,,,,,no
152,11/14/19 19:16,R_2bWd3qFvqiBLWgc,,,,,,,,,,,1,3,1,20,,,,,,"No, thanks for letting me participate!"
211,11/14/19 19:16,R_Brg5ScIFVrptTXP,,,,,,2,2,2,20,,,,,,,,,,,"The questions weren't time framed. Like John would be better off for a short while, but not long term."
482,11/14/19 19:16,R_3LYD2Go3IklHUg7,1,2,1,20,,,,,,,,,,,,,,,,No
122,11/14/19 19:16,R_32VBxLuqIlD7qzb,3,2,1,20,,,,,,,,,,,,,,,,no
143,11/14/19 19:17,R_2ALTQHgtGrEivUa,,,,,,2,2,2,20,,,,,,,,,,,It was pretty clear
244,11/14/19 19:17,R_3sbprPv84zrhX6Y,,,,,,3,2,2,19,,,,,,,,,,,No.
134,11/14/19 19:17,R_2V7Tqj6NjY2xeeG,1,2,1,20,,,,,,,,,,,,,,,,No
273,11/14/19 19:17,R_qIv0Okp1l6eicZr,,,,,,,,,,,,,,,,1,3,1,20,No. Pretty clear.
200,11/14/19 19:17,R_2tglESOHtWQmfTW,3,2,1,20,,,,,,,,,,,,,,,,no
227,11/14/19 19:17,R_1jTc1htgm5H0f7E,,,,,,1,1,1,20,,,,,,,,,,,
187,11/14/19 19:17,R_27prWqX6npkGnOy,,,,,,,,,,,,,,,,1,3,3,20,no
414,11/14/19 19:17,R_YX3ysPCn8IED3Fv,,,,,,,,,,,,,,,,3,3,3,20,no
358,11/14/19 19:17,R_3065UgQeKcn7Z8U,3,2,3,20,,,,,,,,,,,,,,,,yes
187,11/14/19 19:17,R_21huAchmU6Cm0ZO,,,,,,2,2,1,20,,,,,,,,,,,no
387,11/14/19 19:17,R_1eIWnJ4ieQsvb2S,1,2,1,20,,,,,,,,,,,,,,,,No
152,11/14/19 19:17,R_2zr8uMwrdX4C0QP,,,,,,,,,,,,,,,,1,3,1,20,No
38,11/14/19 19:18,R_1GE4YhfXjiCnJZO,1,2,2,3,,,,,,,,,,,,,,,,no
123,11/14/19 19:18,R_1o7piZ4WBbb72kb,,,,,,,,,,,1,3,1,20,,,,,,
503,11/14/19 19:18,R_2Tv3m1vS0GJsXOE,,,,,,,,,,,1,3,1,20,,,,,,no
380,11/14/19 19:18,R_3KMTrLRLjKOnK7q,1,2,1,20,,,,,,,,,,,,,,,,NO
96,11/14/19 19:19,R_2ZZUld2TU8dti1A,,,,,,,,,,,2,2,1,20,,,,,,no
122,11/14/19 19:19,R_5ipUoj1OBXj5zAR,,,,,,,,,,,1,3,1,20,,,,,,NO
212,11/14/19 19:19,R_2fCANJjsdPJ2hwj,,,,,,2,2,2,20,,,,,,,,,,,no
133,11/14/19 19:19,R_1Qurhr9oKFrCfgC,,,,,,1,1,1,20,,,,,,,,,,,"just asking right now, obviously the fisherman would be worse off after the initial ""right now"""
218,11/14/19 19:20,R_3ErM8BejdlODhdb,,,,,,,,,,,1,3,1,20,,,,,,no
96,11/14/19 19:20,R_2fjRDWboHp2Jt8I,,,,,,1,3,1,20,,,,,,,,,,,No
176,11/14/19 19:20,R_2CZBHv9RHUZH7zm,,,,,,3,2,2,20,,,,,,,,,,,No
197,11/14/19 19:21,R_2dxLyDzlPGQuZOc,,,,,,,,,,,,,,,,1,3,1,20,No.
295,11/14/19 19:21,R_28CXdibDTWtOueL,,,,,,2,2,2,20,,,,,,,,,,,"Yes, it was based on hypothetical situations that could not happen in real life."
118,11/14/19 19:21,R_bggHV1fbNHw5sbf,1,2,1,20,,,,,,,,,,,,,,,,no
173,11/14/19 19:21,R_DHlyQjRKS2d78L7,1,2,1,20,,,,,,,,,,,,,,,,No...
764,11/14/19 19:21,R_2QGRX848Lmz3Jxe,1,2,1,20,,,,,,,,,,,,,,,,No
172,11/14/19 19:21,R_2dRoJ1hvf8vCWCD,,,,,,,,,,,1,3,1,20,,,,,,No
125,11/14/19 19:21,R_DBtyISA8ndE272V,,,,,,1,1,1,20,,,,,,,,,,,
514,11/14/19 19:21,R_2Xo0UsLArprY8hO,,,,,,,,,,,1,2,1,20,,,,,,no
177,11/14/19 19:21,R_sditfQdqiCqBU9r,,,,,,,,,,,2,2,2,20,,,,,,no
414,11/14/19 19:22,R_O3F8WeQMY7LXaNz,,,,,,,,,,,,,,,,1,3,1,20,no
153,11/14/19 19:22,R_1iqWobSnf0JtZyc,,,,,,2,2,2,20,,,,,,,,,,,no
227,11/14/19 19:23,R_3EhE1qpUbzZfyT4,,,,,,,,,,,1,1,1,20,,,,,,Nothing was unclear!
80,11/14/19 19:23,R_3RyWFu166la77aV,,,,,,3,2,1,20,,,,,,,,,,,Nope
257,11/14/19 19:23,R_5gRRJNkJCVl2dW1,1,2,1,20,,,,,,,,,,,,,,,,NO
122,11/14/19 19:23,R_3L7LpmMQKbjmqVY,,,,,,,,,,,1,3,1,20,,,,,,NA
366,11/14/19 19:23,R_3CPgOznLyiy9swV,,,,,,2,2,1,20,,,,,,,,,,,No
120,11/14/19 19:23,R_re6syjhhqCQgsc9,,,,,,,,,,,1,3,1,20,,,,,,no
261,11/14/19 19:23,R_1k1dXCNX0m1On5D,1,2,1,20,,,,,,,,,,,,,,,,no
190,11/14/19 19:23,R_ZgEl0oC7hOCtDMJ,1,2,1,20,,,,,,,,,,,,,,,,No. It was very clear.
104,11/14/19 19:23,R_3havNmmHBkK0mKr,,,,,,,,,,,1,3,1,20,,,,,,no
161,11/14/19 19:23,R_01eXDrbubnr1T8d,3,2,2,20,,,,,,,,,,,,,,,,
148,11/14/19 19:24,R_3MnD6vgdgxH5YFP,2,2,1,20,,,,,,,,,,,,,,,,No
432,11/14/19 19:24,R_0MrBP22HHvA8Y0h,,,,,,,,,,,,,,,,1,3,1,20,"No, everything was clear."
169,11/14/19 19:24,R_3iPEZZBFfc3TwoC,,,,,,,,,,,,,,,,1,3,1,20,no
215,11/14/19 19:25,R_1HbfMFFFGow63nf,,,,,,2,2,2,20,,,,,,,,,,,No
114,11/14/19 19:25,R_1hKDJFxhJnrSqFd,,,,,,,,,,,,,,,,1,3,1,20,no
504,11/14/19 19:25,R_3mera4XdSM90hUx,,,,,,,,,,,,,,,,1,3,1,20,no
267,11/14/19 19:25,R_7X5xKBOgSGXG5I5,,,,,,,,,,,,,,,,1,3,1,20,No
152,11/14/19 19:25,R_1FaFzefKgoX3SHU,,,,,,2,2,2,20,,,,,,,,,,,The time frame of fish dying was not clear. Do they all die this season or over the course of 100 years?
82,11/14/19 19:25,R_2CPOuLMdUfLgSI6,3,2,3,20,,,,,,,,,,,,,,,,
380,11/14/19 19:25,R_26niJm7TetTY27S,,,,,,,,,,,,,,,,1,3,1,20,no
240,11/14/19 19:26,R_5hj6d9GugrUbmpP,,,,,,,,,,,,,,,,1,3,1,20,no
128,11/14/19 19:26,R_2zdA8wrHB9222D9,,,,,,,,,,,1,3,1,20,,,,,,
563,11/14/19 19:26,R_3hyY1kvrb8eDlCd,,,,,,,,,,,,,,,,1,2,1,20,I'm a little unsure what it was about.
254,11/14/19 19:26,R_BLcF4KEfBQmg0WR,,,,,,2,2,3,20,,,,,,,,,,,I didn't believe that faster boats would guarantee the fisherman catching their fish faster.
184,11/14/19 19:26,R_3k1EFrfpz4LWEMY,,,,,,,,,,,,,,,,1,2,1,20,No
213,11/14/19 19:27,R_ZxINg2sl7BD679T,1,3,1,20,,,,,,,,,,,,,,,,Nothing about this survey was confusing.
432,11/14/19 19:27,R_2pM40OAnQmt1WAI,,,,,,,,,,,1,3,1,20,,,,,,No
368,11/14/19 19:27,R_2qCtiAxEASxyDdg,,,,,,1,1,1,20,,,,,,,,,,,no problem at all
244,11/14/19 19:27,R_3D0B0FVHBXrpxmr,1,2,1,20,,,,,,,,,,,,,,,,no
143,11/14/19 19:27,R_32McLtz7d6Alh38,,,,,,,,,,,1,3,1,20,,,,,,No
176,11/14/19 19:28,R_3oBjXXvfxdpwUSa,,,,,,,,,,,,,,,,1,3,1,20,No
74,11/14/19 19:28,R_2QRPAjNyzWXvb2x,,,,,,,,,,,1,1,1,20,,,,,,no
236,11/14/19 19:28,R_3UlmWmbkOy8bh2V,3,2,1,20,,,,,,,,,,,,,,,,"Not to me, everything was very clear."
133,11/14/19 19:28,R_9ZFWAzSVORyR8CR,,,,,,,,,,,,,,,,1,3,1,20,No
227,11/14/19 19:28,R_eWDBmfhrhwZMaxH,,,,,,,,,,,1,3,1,20,,,,,,"No, I think John would be better off but he's kind of a jerk for being the only boat to take the faster oil."
96,11/14/19 19:28,R_3ltOjemKZGDopA4,,,,,,3,3,1,20,,,,,,,,,,,Nothing was unclear.  
132,11/14/19 19:28,R_3NxrzAxnxJEotu6,1,2,1,20,,,,,,,,,,,,,,,,No
229,11/14/19 19:29,R_3qx4wCXLJ4p1tXV,,,,,,2,2,1,20,,,,,,,,,,,confusing
317,11/14/19 19:29,R_3EVXvCRXlcyK9Mb,,,,,,,,,,,,,,,,1,3,1,20,No
85,11/14/19 19:29,R_1KcKRzFnLSwDGl3,,,,,,,,,,,1,2,2,20,,,,,,no
769,11/14/19 19:30,R_3RkBM0Xe7SfMg3b,,,,,,,,,,,,,,,,2,1,1,20,no
893,11/14/19 19:30,R_1prjxw2a1BAVraG,,,,,,,,,,,,,,,,1,1,1,20,no
158,11/14/19 19:30,R_3h6Ffu95VO4rIBg,3,2,1,20,,,,,,,,,,,,,,,,no
104,11/14/19 19:30,R_3oRfgMSQ24pYnTe,,,,,,1,2,2,20,,,,,,,,,,,NA
147,11/14/19 19:30,R_123cDgVrx5rhCFa,,,,,,,,,,,1,3,1,20,,,,,,No
75,11/14/19 19:31,R_Wq8hbQDbzCxesQV,,,,,,3,2,3,20,,,,,,,,,,,
198,11/14/19 19:31,R_3Lb4GuSadVcDVXz,,,,,,,,,,,,,,,,1,3,1,20,Nothing in this survey was confusing or unclear.
217,11/14/19 19:31,R_yw2m3LVumfSFU3f,,,,,,3,3,1,20,,,,,,,,,,,Not at all.
126,11/14/19 19:31,R_SUIJgqqqki51Ozn,2,2,2,20,,,,,,,,,,,,,,,,No
96,11/14/19 19:31,R_1oi2CLdJGtPS2KL,,,,,,,,,,,1,3,1,20,,,,,,No
120,11/14/19 19:31,R_1jO0h4vvNATEYFe,1,2,1,20,,,,,,,,,,,,,,,,no
148,11/14/19 19:31,R_31ag1MGr5IF0Jjl,,,,,,,,,,,,,,,,1,3,1,20,"No, I found your survey very clear. "
111,11/14/19 19:31,R_31ovI6Sg8kDs9Tg,,,,,,1,2,2,20,,,,,,,,,,,No
145,11/14/19 19:31,R_115FijFUeKmuzlT,3,2,1,20,,,,,,,,,,,,,,,,Kind of 
150,11/14/19 19:31,R_PUOt7JNmqhSTvVf,,,,,,,,,,,,,,,,1,3,1,20,no
1268,11/14/19 19:32,R_1ltU6NARpBE3FbY,,,,,,2,2,1,20,,,,,,,,,,,The first question about John. This questions and others need a time frame. Are you l;ooking at the first year or an extended number of years. It make a big difference to the answer.
133,11/14/19 19:32,R_5aKbswZCV4IkN33,,,,,,,,,,,1,3,1,20,,,,,,no
131,11/14/19 19:32,R_3Pc8Uf81XorNmWR,,,,,,,,,,,,,,,,2,2,1,20,I don't think so
168,11/14/19 19:32,R_2TzbPUIB3uYTm20,,,,,,1,1,1,20,,,,,,,,,,,"It seemed a little confusing, the questions asked at the end were poised at the current situation. In the long run John and the other fisherman definitely would be worst off."
200,11/14/19 19:33,R_2xV2KPZXi1bzVao,,,,,,,,,,,1,3,1,20,,,,,,No
217,11/14/19 19:33,R_1E0BjK59jbC1fi0,,,,,,,,,,,,,,,,1,2,1,20,Well it's kinda confusing in general 
77,11/14/19 19:34,R_yWK6jgcXMICmU3n,,,,,,2,2,2,20,,,,,,,,,,,No
108,11/14/19 19:34,R_2cBJy6BFZ09Gj0w,1,1,2,20,,,,,,,,,,,,,,,,no
162,11/14/19 19:34,R_3IbLxj6asbH84e9,,,,,,,,,,,1,2,1,20,,,,,,no
122,11/14/19 19:34,R_2cvLtsr9r50M9Bq,,,,,,,,,,,1,2,1,20,,,,,,What lake has coral reefs..
98,11/14/19 19:35,R_pMq2P1uyt51Uqxb,,,,,,,,,,,,,,,,1,3,1,20,no
171,11/14/19 19:35,R_2aRixm4yqZdlttR,3,2,1,20,,,,,,,,,,,,,,,,the story was just hard to follow
280,11/14/19 19:35,R_24d7hw5T6FSqV9Z,3,2,1,20,,,,,,,,,,,,,,,,no
184,11/14/19 19:35,R_1gUh8ZGBb1sNMYe,,,,,,2,2,2,20,,,,,,,,,,,"No it wasn't confusing, maybe worded a little odd"
187,11/14/19 19:35,R_A0tC9vzTAzyeSE9,,,,,,,,,,,,,,,,1,3,1,20,no
321,11/14/19 19:35,R_1LSByQuvS7kgSMk,,,,,,2,2,1,20,,,,,,,,,,,No
147,11/14/19 19:35,R_ezL4S8o3I7gfNPr,,,,,,2,2,2,20,,,,,,,,,,,nope
122,11/14/19 19:36,R_3HjEXDOmlRwY5PC,,,,,,,,,,,1,3,1,20,,,,,,No
174,11/14/19 19:36,R_Y4XgixI0qRnhFkt,,,,,,,,,,,,,,,,1,3,1,20,no
202,11/14/19 19:36,R_3jUKJ07l11NPSr3,,,,,,2,2,2,5,,,,,,,,,,,No.
273,11/14/19 19:37,R_3JfkjKLdKzHO7y2,2,2,1,20,,,,,,,,,,,,,,,,
215,11/14/19 19:37,R_2tMwyA0J56rqL42,3,2,1,20,,,,,,,,,,,,,,,,no
121,11/14/19 19:38,R_1kTSbcgcQFgWO6F,,,,,,,,,,,1,3,1,20,,,,,,no
97,11/14/19 19:38,R_3CKqOiXaiW0NEPS,1,2,1,20,,,,,,,,,,,,,,,,no
77,11/14/19 19:39,R_2Vw2WoC7jYctUy3,,,,,,3,3,1,1,,,,,,,,,,,no
151,11/14/19 19:39,R_3KrLZzycQoav4NF,1,2,1,20,,,,,,,,,,,,,,,,no
63,11/14/19 19:39,R_1EcHsds6OQ3nOsH,,,,,,,,,,,1,2,3,20,,,,,,
214,11/14/19 19:39,R_cJjy8VmH3MIF4Q1,,,,,,,,,,,,,,,,1,3,1,20,"Nothing was unclear,  Everything was clear and easy to understand."
325,11/14/19 19:39,R_3FVwWzMt1dnGewQ,,,,,,,,,,,,,,,,1,3,1,20,no
115,11/14/19 19:39,R_27rpITleCplME6o,1,2,1,20,,,,,,,,,,,,,,,,no
1767,11/14/19 19:40,R_3qUoayItNtrTuhp,,,,,,2,2,1,20,,,,,,,,,,,No
192,11/14/19 19:40,R_RQCKYUngJbBCSeB,,,,,,2,2,1,20,,,,,,,,,,,
109,11/14/19 19:40,R_SJcXOBl4MIXrL5n,,,,,,,,,,,,,,,,1,2,1,20,No
166,11/14/19 19:40,R_2cvcakLGhhgMskp,1,2,1,20,,,,,,,,,,,,,,,,no
142,11/14/19 19:40,R_2YLGkGhlebgPZWa,,,,,,,,,,,1,3,1,20,,,,,,no
329,11/14/19 19:40,R_3iw2m87kDXMvE6y,,,,,,,,,,,,,,,,1,3,1,20,No
105,11/14/19 19:41,R_2rUSzy0O223JjKK,,,,,,1,1,1,20,,,,,,,,,,,It was just very wordy and I wasnt sure how many boats each person had.
71,11/14/19 19:41,R_22oif4jWLptY9FS,2,1,1,6,,,,,,,,,,,,,,,,nothing 
140,11/14/19 19:41,R_295Qxk9IaJ9JnpQ,,,,,,,,,,,1,3,1,20,,,,,,no
202,11/14/19 19:42,R_QifUjOLYzrUqVLb,1,2,1,20,,,,,,,,,,,,,,,,Only the actual purpose of the research study. Everything else was clear. 
224,11/14/19 19:42,R_3GozVnl2bGE6OvN,,,,,,1,2,1,20,,,,,,,,,,,Everything was clear
114,11/14/19 19:42,R_vVmrVec9vXQBlW9,,,,,,,,,,,,,,,,1,3,1,20,no
120,11/14/19 19:42,R_1OZROiX2gS2ZSbM,3,2,3,20,,,,,,,,,,,,,,,,no
130,11/14/19 19:42,R_3Reg4ZeP0N7R8Jl,,,,,,2,2,2,20,,,,,,,,,,,
297,11/14/19 19:42,R_2YA1mc8iXuEGWq8,,,,,,,,,,,,,,,,2,2,2,20,None
128,11/14/19 19:43,R_sBGviQ57O62EfBf,,,,,,2,2,2,20,,,,,,,,,,,No
807,11/14/19 19:43,R_bqF7FAtyQSib6hz,1,2,1,20,,,,,,,,,,,,,,,,There wasn't anything confusing.
274,11/14/19 19:43,R_1PdbbCbgKbKViVT,,,,,,,,,,,,,,,,1,3,1,20,no
142,11/14/19 19:43,R_2R1FZRkGFsnC3sk,,,,,,,,,,,1,3,1,20,,,,,,no
74,11/14/19 19:43,R_1Ehzh3TwufzEMZt,,,,,,,,,,,3,3,1,20,,,,,,No
88,11/14/19 19:43,R_2EzulsWY3ceKWBN,,,,,,1,2,1,20,,,,,,,,,,,it was a little confusing with the wording
287,11/14/19 19:44,R_sBDgwWQC2fNgMLf,,,,,,,,,,,,,,,,1,3,1,20,no
144,11/14/19 19:44,R_AyVTIs6R6JrISMV,1,2,1,20,,,,,,,,,,,,,,,,no
126,11/14/19 19:44,R_1dc2dkePluXcDOH,1,2,1,20,,,,,,,,,,,,,,,,Everything was clear
156,11/14/19 19:44,R_3iWIzullfdzr1lx,,,,,,1,2,2,20,,,,,,,,,,,"John is more likely to save time, but he isn't more likely to catch fish because he gives tours."
152,11/14/19 19:44,R_3lRC0fRJqQPmoXK,,,,,,,,,,,,,,,,1,3,1,20,No
104,11/14/19 19:44,R_1Ij80iVbqshfn9S,,,,,,,,,,,,,,,,1,3,1,20,no
137,11/14/19 19:44,R_shuT6UMvSKh6L6h,,,,,,,,,,,1,3,1,20,,,,,,No
484,11/14/19 19:45,R_3EcXVHFWo3lQVpy,,,,,,,,,,,1,1,1,20,,,,,,No
109,11/14/19 19:45,R_1MSRAKz2IswSSAS,,,,,,2,2,2,20,,,,,,,,,,,
268,11/14/19 19:45,R_WDPKFeV8kvaX6GR,,,,,,,,,,,,,,,,1,3,1,20,"I expected some questions about Steve, not John."
241,11/14/19 19:46,R_3k6xA9oKVYKalmX,,,,,,,,,,,1,3,1,20,,,,,,"Nothing, everything was clear. no problems."
164,11/14/19 19:46,R_vSpLnAXMhP8i26l,1,1,1,20,,,,,,,,,,,,,,,,no
415,11/14/19 19:46,R_Q3TS50uyZvGXd4d,,,,,,,,,,,1,3,1,20,,,,,,"yes, the question regarding John. It asks if he could save time and still able to give the same amount of tours while in the text it says that since he saves time (with the new motor) he'll be able to give more tours. "
112,11/14/19 19:46,R_3qW020EhQdHQ4ps,,,,,,,,,,,1,3,1,20,,,,,,no
1941,11/14/19 19:47,R_3L1Q5ZYyIztXnEQ,1,2,1,20,,,,,,,,,,,,,,,,no
81,11/14/19 19:47,R_YQtax2RVmfrHDdD,,,,,,2,2,2,20,,,,,,,,,,,No.
223,11/14/19 19:47,R_2tzLw2RD9BcGLPG,,,,,,3,3,3,20,,,,,,,,,,,coral reefs in a lake?
227,11/14/19 19:47,R_2PwcOKS0h468Awr,,,,,,,,,,,,,,,,1,3,1,20,Nope :)
233,11/14/19 19:47,R_2wiSOgEbawfL5iW,,,,,,,,,,,,,,,,1,3,1,20,No
179,11/14/19 19:47,R_1omWsAiPtmMsbWk,,,,,,1,1,1,20,,,,,,,,,,,No
106,11/14/19 19:47,R_10ObcqPXC83RZfl,,,,,,,,,,,1,1,2,20,,,,,,No
185,11/14/19 19:48,R_3kMlmBopDWsM3z1,1,1,1,1,,,,,,,,,,,,,,,,No
191,11/14/19 19:48,R_2s1qPh2sxOevCuJ,1,2,1,20,,,,,,,,,,,,,,,,"Mechanically I'm not sure how much difference the oil would make in boat speed, but I suppose that's irrelevant. That was kinda a distracting concern, is all."
186,11/14/19 19:48,R_rkwMeTg2UZ1Rt8R,,,,,,,,,,,,,,,,1,3,1,20,"No, it was pretty clear. John came out of nowhere though even though the only  other name mentioned was steve"
196,11/14/19 19:48,R_2S2dIy55PX7eGNU,,,,,,,,,,,1,3,1,20,,,,,,No
133,11/14/19 19:48,R_xfLihzHsOFy2GCl,1,2,1,20,,,,,,,,,,,,,,,,No.
127,11/14/19 19:49,R_21vbrEg5x60IQsZ,1,2,1,20,,,,,,,,,,,,,,,,No
198,11/14/19 19:49,R_2ziRDVtrW54kew9,,,,,,,,,,,,,,,,1,3,1,20,No
162,11/14/19 19:49,R_d57wfBn7AAkhcPv,,,,,,,,,,,1,3,1,20,,,,,,no
180,11/14/19 19:49,R_2ay4T7ZJ6oSHirU,,,,,,2,2,1,20,,,,,,,,,,,No
300,11/14/19 19:50,R_2EmLM0PTitEcxPe,,,,,,1,3,1,20,,,,,,,,,,,"no, there's nothing unclear."
68,11/14/19 19:50,R_1OBJPoOUH7umlbR,1,1,1,20,,,,,,,,,,,,,,,,No
413,11/14/19 19:50,R_3J3Qbl3VjnvokXx,,,,,,,,,,,1,3,1,20,,,,,,no
128,11/14/19 19:51,R_12hzctzLK9FX5l5,,,,,,,,,,,1,3,1,20,,,,,,no
87,11/14/19 19:51,R_24kMVcmAyjRyBk4,,,,,,1,2,1,20,,,,,,,,,,,Nothing was confusing or unclear.
63,11/14/19 19:52,R_3L2aX2JEG0SZzBj,,,,,,,,,,,,,,,,1,3,1,20,No
203,11/14/19 19:52,R_2anTPLum8BfBDxe,,,,,,,,,,,,,,,,1,1,1,20,No
154,11/14/19 19:52,R_12FhE0mi6Vkf6xm,,,,,,,,,,,,,,,,1,3,1,20,Yes. Better or worse off...how?  If the fish started dying?  If ONLY John and Steve used the new oil?
120,11/14/19 19:53,R_1LbSJcmzv9lyTY3,,,,,,,,,,,1,3,1,20,,,,,,No
173,11/14/19 19:53,R_1OvN7NqSs4pxp6W,1,2,1,20,,,,,,,,,,,,,,,,
134,11/14/19 19:54,R_1KkANCMxvS9UgU2,3,2,1,20,,,,,,,,,,,,,,,,no
156,11/14/19 19:55,R_2q7PiB1evmvR3tz,1,2,1,20,,,,,,,,,,,,,,,,no
351,11/14/19 19:55,R_3JEshikONutA3n2,,,,,,,,,,,1,3,1,20,,,,,,"Yes. The story stated there were 20 boaters, but did not state if they were each on their own boat. This allows room for error due to the need for assumptions."
138,11/14/19 19:55,R_25L4l1vttevBJ6O,,,,,,,,,,,1,3,1,20,,,,,,no
253,11/14/19 19:55,R_33qAp5IpuGmZFpf,,,,,,1,1,1,20,,,,,,,,,,,Everything was clear 
133,11/14/19 19:56,R_2OU3YhUE5jOQpuX,,,,,,1,1,1,20,,,,,,,,,,,
127,11/14/19 19:56,R_20Nasw5VPp1yv9D,,,,,,,,,,,,,,,,1,3,1,20,No
819,11/14/19 19:56,R_DTemIP19Oo0pxjb,2,2,1,20,,,,,,,,,,,,,,,,No
178,11/14/19 19:56,R_2ePQg6UqHSAOlH7,,,,,,,,,,,1,3,1,20,,,,,,no
185,11/14/19 19:57,R_1qe42QM11PLzcfN,,,,,,,,,,,,,,,,1,3,1,209,No
193,11/14/19 19:57,R_1eJCPTHcI4FkLz0,,,,,,2,2,1,20,,,,,,,,,,,no
160,11/14/19 19:57,R_2bZbniUAv8q8qhp,3,2,3,20,,,,,,,,,,,,,,,,No
119,11/14/19 19:57,R_2392B47Z7gN6RFf,,,,,,,,,,,3,3,3,20,,,,,,Juat a lot of confusing info to take in i hope that i answerd correctly
135,11/14/19 19:58,R_28zK45TilVS4rM0,2,2,2,20,,,,,,,,,,,,,,,,No
134,11/14/19 19:58,R_27li8VDbaawcsIK,,,,,,2,2,2,20,,,,,,,,,,,No
410,11/14/19 19:59,R_tQzW2xKhb5tR0n7,,,,,,,,,,,,,,,,3,3,3,20,no
93,11/14/19 19:59,R_1OMMrGbmGrY1E0l,,,,,,,,,,,1,3,1,20,,,,,,No
681,11/14/19 19:59,R_1NFbFfVvKUz8CxV,,,,,,1,1,3,20,,,,,,,,,,,"Yes, one thing is that  the time scale of such better off is only for one summer because of the consequence of using new motor oil  in all boaters will disaterous and lead to fish kill."
153,11/14/19 19:59,R_115zN5cQzTMxA64,1,2,1,20,,,,,,,,,,,,,,,,No
160,11/14/19 20:00,R_1NrcMHIZwqNTbHt,,,,,,,,,,,,,,,,1,3,1,20,no
1452,11/14/19 20:00,R_2B9jASXrUBPHI6t,,,,,,3,2,3,20,,,,,,,,,,,One of the questions asked about a John while the information was about Steve.
191,11/14/19 20:01,R_2vk28fSPKm52H2M,,,,,,,,,,,1,3,1,20,,,,,,no
159,11/14/19 20:01,R_3EETgbBb1FVrBnE,,,,,,2,2,2,20,,,,,,,,,,,No
138,11/14/19 20:01,R_ZsjxAADXFhNxcv7,,,,,,,,,,,1,3,1,20,,,,,,"No, nothing was unclear or confusing."
144,11/14/19 20:01,R_305LlRK8Hqtii49,,,,,,,,,,,,,,,,1,1,1,20, No
164,11/14/19 20:02,R_3nHm8Mx24Y8zMYj,1,2,1,20,,,,,,,,,,,,,,,,no
244,11/14/19 20:02,R_3ga6TX6O2yu7pBv,,,,,,2,2,2,20,,,,,,,,,,,i dont think so
296,11/14/19 20:02,R_1mQyRaCvQfXcePk,1,2,1,20,,,,,,,,,,,,,,,,Just a bit when you said “if seven more boats used the new oil”. Was that 7 plus the 20?
142,11/14/19 20:02,R_31izeqve5ug2haH,,,,,,,,,,,1,3,1,20,,,,,,
187,11/14/19 20:04,R_1Q0JT1yv8Qj5rbt,3,3,3,20,,,,,,,,,,,,,,,,no
145,11/14/19 20:04,R_2S76m5rpNvM9vjO,,,,,,2,2,2,20,,,,,,,,,,,no
116,11/14/19 20:04,R_21EXMUCDUEjpVE1,,,,,,,,,,,1,3,1,20,,,,,,Nope
183,11/14/19 20:05,R_1KyaxFNbGtQJ8Fe,,,,,,,,,,,,,,,,1,3,1,20,No. 
163,11/14/19 20:05,R_3htjn96CQ5vW5I7,,,,,,1,2,1,20,,,,,,,,,,,"Kinda, the wording."
153,11/14/19 20:06,R_XZC9tZjeKHwfGBr,,,,,,,,,,,1,3,1,20,,,,,,no
234,11/14/19 20:06,R_2eb4b79jlVWMl2m,1,2,3,20,,,,,,,,,,,,,,,,Yes
137,11/14/19 20:06,R_yWmOvUgUad7iOR3,3,2,1,20,,,,,,,,,,,,,,,,No
502,11/14/19 20:07,R_2dK1f7uDqzGBPO1,,,,,,,,,,,,,,,,1,2,1,20, The survey there will be an opportunity to let us know if something was
254,11/14/19 20:07,R_1L091rOp5tp3KNP,,,,,,,,,,,1,3,1,20,,,,,,No
239,11/14/19 20:08,R_VX1TdJTuizqJaIV,3,2,1,20,,,,,,,,,,,,,,,,No
177,11/14/19 20:09,R_2sYG304mUAJiyzC,,,,,,,,,,,,,,,,1,2,1,20,No.
237,11/14/19 20:09,R_3Gj2aNH6zNwPEdX,,,,,,1,1,2,20,,,,,,,,,,,No
198,11/14/19 20:09,R_1FgpP5A6mmMe49N,1,2,1,20,,,,,,,,,,,,,,,,No.
85,11/14/19 20:09,R_3x7p1J1amOBH6kV,,,,,,1,1,1,20,,,,,,,,,,,nothing
53,11/14/19 20:09,R_20ZKx1BGIQPiiKP,,,,,,3,3,3,20,,,,,,,,,,,
151,11/14/19 20:09,R_2VD7M3EVnf11vbg,,,,,,,,,,,,,,,,1,3,1,20,"Not at all - the only thing that worries me is that if other people see John doing so well, working less hours and still making a living, more people will use the new oil and then that will poison the fish, which ruins things for everyone."
121,11/14/19 20:10,R_2qF1PMSFUbAz0Q0,,,,,,,,,,,,,,,,1,3,1,20,No
96,11/14/19 20:10,R_2ATH4JBp3LQwNSC,1,2,1,20,,,,,,,,,,,,,,,,no
214,11/14/19 20:11,R_3JaSnuDzoiU2Tvc,,,,,,,,,,,1,3,1,20,,,,,,no
199,11/14/19 20:11,R_1JPg4NEv8FgBQzk,,,,,,,,,,,1,3,1,20,,,,,,No man 
103,11/14/19 20:13,R_3nBKWam4rPDV7di,,,,,,,,,,,1,3,1,20,,,,,,none
97,11/14/19 20:14,R_3jXyhzXhuvHvDVv,,,,,,,,,,,1,3,1,20,,,,,,no
170,11/14/19 20:14,R_2Ufuzinz7LPni0Q,,,,,,1,1,1,20,,,,,,,,,,,no
159,11/14/19 20:14,R_2rYrTwkm8HLQ3Er,,,,,,,,,,,,,,,,2,2,1,20,"Nothing was unclear, but when asking if John and the others would be ""worse off,"" it would be helpful by asking WHEN they would be worse off. For instance, John is fine in the short-term, as is everyone else, but eventually things could be drastically worse. "
303,11/14/19 20:14,R_2y2ut2HYjQut4pe,2,1,2,20,,,,,,,,,,,,,,,,NO
74,11/14/19 20:15,R_1mKQgDYZHthRQFP,,,,,,,,,,,1,3,1,20,,,,,,no
186,11/14/19 20:15,R_OlF2ba5y0vvWu6R,,,,,,,,,,,,,,,,1,1,1,20,no
116,11/14/19 20:15,R_3lKXdFSBzwxmYwZ,,,,,,,,,,,,,,,,1,2,1,20,No
207,11/14/19 20:15,R_1eJEq7RVPHsrLTr,1,1,1,20,,,,,,,,,,,,,,,,"yes, because the fisherman could be better or worse off depending on how many use the new motor oil. so it was difficult to pick an answer because the question didn't specify how many boaters would use the oil when it asked if they'd be better or worse"
101,11/14/19 20:15,R_Aic6YwEWD38mUdH,1,2,1,20,,,,,,,,,,,,,,,,not really
119,11/14/19 20:15,R_e8TsgqRcVbYxPsR,,,,,,3,3,1,20,,,,,,,,,,,no
260,11/14/19 20:16,R_32WQUuKx9Vvzr2t,,,,,,2,2,1,20,,,,,,,,,,,no
191,11/14/19 20:16,R_2710HRLXQ4NuSqw,,,,,,,,,,,1,3,1,20,,,,,,"No, everything was easy to understand and written clearly."
192,11/14/19 20:16,R_2EytgczHSaZbguI,,,,,,,,,,,,,,,,1,3,1,20,No
124,11/14/19 20:16,R_2TEMKEP3TyU2TkM,,,,,,2,2,2,20,,,,,,,,,,,No
276,11/14/19 20:17,R_RXoj4e0FATbDuEx,,,,,,,,,,,1,2,1,20,,,,,,No
232,11/14/19 20:18,R_8wUe04qRu81BjSp,1,2,1,20,,,,,,,,,,,,,,,,Nothing was confusing.
157,11/14/19 20:19,R_2X4Ik3RCUE7PZdE,,,,,,,,,,,1,3,1,20,,,,,,No
210,11/14/19 20:19,R_3oYjJGaftTwfmry,1,2,1,20,,,,,,,,,,,,,,,,No
60,11/14/19 20:19,R_1ffRcWzwPvxkweM,,,,,,1,2,2,3,,,,,,,,,,,n/a
284,11/14/19 20:20,R_3VtSXC5MiNd2LXX,,,,,,,,,,,,,,,,1,2,1,20,Yes. The fact was unclear that if one guy moves around faster and catches more fish then there will be fewer fish for all the other anglers to catch on a commercial fishery that us only 20 boats strong.
119,11/14/19 20:21,R_27DWEHOG5WMABc8,,,,,,,,,,,1,3,1,20,,,,,,not really
196,11/14/19 20:21,R_33DBw3ti6WgZdsF,,,,,,,,,,,,,,,,1,3,1,20,NO
89,11/14/19 20:22,R_3J9ikFzVWCrGKKh,,,,,,2,2,2,20,,,,,,,,,,,
222,11/14/19 20:22,R_Z8iFQha2OSPIbYt,2,2,2,20,,,,,,,,,,,,,,,,no
136,11/14/19 20:22,R_3qCL8ktXyUjhPJa,2,2,1,20,,,,,,,,,,,,,,,,no
287,11/14/19 20:22,R_p0epC182HsXDJZL,,,,,,2,2,1,20,,,,,,,,,,,No.
195,11/14/19 20:22,R_3oXaz09O0TWWp0F,,,,,,,,,,,,,,,,1,3,1,20,no
62,11/14/19 20:23,R_rkm6qjKynmbOr7z,1,1,1,20,,,,,,,,,,,,,,,,no
140,11/14/19 20:23,R_3rBYlBvdAmH8U9z,,,,,,,,,,,,,,,,1,3,1,20,Nothing seemed pretty straight forward. 
189,11/14/19 20:23,R_3wpzkQp6XlInsQN,1,3,1,20,,,,,,,,,,,,,,,,no
213,11/14/19 20:23,R_5mu6ehgHHjJcfEB,,,,,,3,2,1,20,,,,,,,,,,,
743,11/14/19 20:24,R_3GlHiGcQzMDEbzx,3,2,1,20,,,,,,,,,,,,,,,,Nope
201,11/14/19 20:24,R_3NVdEcCuLcM1SfS,,,,,,,,,,,2,2,1,20,,,,,,"No. I think they would all be worse off if anyone started adding a toxin to the lake, even in small quantities."
253,11/14/19 20:25,R_3iUnxFB32qjJFKc,,,,,,,,,,,,,,,,3,3,1,18,yes
229,11/14/19 20:26,R_3qdtTYmQ5LeSgpj,,,,,,,,,,,,,,,,1,3,1,20,n/a
26,11/14/19 20:27,R_blKiqly35sxvaoh,,,,,,,,,,,1,1,1,20,,,,,,
254,11/14/19 20:27,R_9vRwRGDAb3Up9pn,,,,,,,,,,,3,3,3,20,,,,,,a little 
129,11/14/19 20:27,R_2fsd2EjSTfCa3U1,1,2,1,20,,,,,,,,,,,,,,,,No
100,11/14/19 20:27,R_1OHmgKAx5SMltSW,,,,,,3,3,3,19,,,,,,,,,,,no
274,11/14/19 20:28,R_3Op6VDiEGrfCF8p,,,,,,2,2,1,20,,,,,,,,,,,"Slightly. But that may have been intentional for the research. In the short term, all fishermen would be better off, but in the long term they'd have no fish at all."
137,11/14/19 20:28,R_2xER64J1cc8KzZQ,,,,,,,,,,,,,,,,3,2,1,20,"No,  all clear."
220,11/14/19 20:28,R_32KnXCihCiDyhHX,,,,,,,,,,,1,3,1,20,,,,,,no
234,11/14/19 20:28,R_YSQNUOTDEBJjso9,1,2,1,20,,,,,,,,,,,,,,,,Oil doesn't really affect boat speed so that is a little confusing.
111,11/14/19 20:29,R_2XjQz3HZqSR7Iqg,,,,,,2,2,2,20,,,,,,,,,,,No
138,11/14/19 20:29,R_VP8JlxZqtbT218J,1,2,1,20,,,,,,,,,,,,,,,,no
161,11/14/19 20:31,R_2Yy5EL7WVBd89qn,,,,,,,,,,,1,3,1,20,,,,,,none
123,11/14/19 20:31,R_2w1cnHEh21p8B2R,,,,,,3,1,2,20,,,,,,,,,,,
139,11/14/19 20:32,R_21jQ8dEzs0kRiG1,1,2,1,20,,,,,,,,,,,,,,,,no
191,11/14/19 20:32,R_1XkjmV7RIZ8PwgV,,,,,,,,,,,,,,,,1,3,1,20,No
167,11/14/19 20:32,R_2rAvEm4rpuwKswo,1,2,1,20,,,,,,,,,,,,,,,,everything was fine.
283,11/14/19 20:32,R_3MJpQypQBDEeFkK,,,,,,,,,,,1,2,1,20,,,,,,no
218,11/14/19 20:33,R_231fndKPKJcOZBj,,,,,,,,,,,1,3,1,20,,,,,,No
73,11/14/19 20:35,R_1i2sumwV9P6RSWK,3,2,1,20,,,,,,,,,,,,,,,,no
152,11/14/19 20:35,R_6Mai98a1v9EVn4R,,,,,,,,,,,,,,,,1,2,1,20,no
119,11/14/19 20:35,R_2tkWqzh8GT7y7Sr,,,,,,,,,,,1,3,1,20,,,,,,no
79,11/14/19 20:37,R_2v0yKtiN92QE0J6,,,,,,3,2,1,20,,,,,,,,,,,No
604,11/14/19 20:38,R_2upuCcOOtIo5TkZ,,,,,,2,2,2,20,,,,,,,,,,,"The question of is he more or less able to get his work done was not clear how to answer because it depends on info we don't know, how many other boaters also switched to the new motor oil."
133,11/14/19 20:39,R_2AKmBnT4kwepYGU,,,,,,,,,,,,,,,,1,3,1,20,no
114,11/14/19 20:41,R_1MLJplEbsAJgADz,,,,,,,,,,,1,3,1,20,,,,,,no
2233,11/14/19 20:43,R_1i3xR0DVXU4njU2,,,,,,2,2,2,20,,,,,,,,,,,The overlap of the response questions
229,11/14/19 20:43,R_3PpFpn1KVCMFR5i,1,1,1,35,,,,,,,,,,,,,,,,No
167,11/14/19 20:45,R_238nHkMMoA49U9g,,,,,,2,2,2,39,,,,,,,,,,,had to read several times
132,11/14/19 20:47,R_2CJItBL4tdjjZmm,3,2,1,20,,,,,,,,,,,,,,,,no
2176,11/14/19 20:48,R_2R375IHSncTN2be,,,,,,,,,,,,,,,,1,3,1,20,no
261,11/14/19 20:52,R_3iHWcaYOoPxLovx,,,,,,,,,,,1,3,1,20,,,,,,No
178,11/14/19 20:54,R_7UuITHKCYu7GhnH,,,,,,1,3,1,20,,,,,,,,,,,Nothing counfisng or unclear
136,11/14/19 20:54,R_1mKP617l6XIzXnH,,,,,,,,,,,,,,,,3,3,1,19,No
108,11/14/19 21:26,R_ebxIyzeGoOtADT3,,,,,,,,,,,1,3,1,20,,,,,,no
176,11/14/19 21:27,R_1pY9iIe4G09GmnK,,,,,,,,,,,,,,,,1,2,1,1,ok
159,11/14/19 21:28,R_3IPdHrfcEUcwhm9,1,2,1,20,,,,,,,,,,,,,,,,no
250,11/14/19 21:31,R_2wofSOGnQxtkCv4,,,,,,2,1,1,20,,,,,,,,,,,None
120,11/14/19 21:34,R_2cbwrwHodyFJ79Q,,,,,,,,,,,2,1,1,20,,,,,,Survey is so clear and understanding.
125,11/14/19 21:45,R_UmdwC7Av9f1Dsdj,,,,,,,,,,,,,,,,1,3,1,20,no
545,11/14/19 21:53,R_2xUYB4DZPTSrT0k,1,2,2,20,,,,,,,,,,,,,,,,No
243,11/14/19 22:01,R_bpzwwlC9Re4kAKd,,,,,,1,2,1,20,,,,,,,,,,,no
62,11/14/19 22:10,R_Zfclt7ssmhM3vUd,1,2,2,20,,,,,,,,,,,,,,,,not really
540,11/14/19 22:55,R_3kicLynbt0srjSq,,,,,,,,,,,,,,,,1,3,1,20,"Not much. As long as 7 maximum fishermen use the BetaX oil, everyone will be fine. "
393,11/15/19 1:40,R_3oHIRf6MhUO5y8E,,,,,,,,,,,1,3,1,20,,,,,,No