duration,date,subjectcode,a,b,c,d,e,f,g,h,i,j,k,l,m,n,o,p,q,r,s,t,u,v,w,x,y,z,za,zb,zc,zd,ze,zf,zg,zh,zi,zj,zk,zl,zm,zn,comments
191,11/18/19 11:05,R_W8WKWVYxLizp8Zj,,,,,,,,,0,19,20,0,,1,,0,,3,,,,,,,,,,,,,,,,,,,,,,,no
223,11/18/19 11:06,R_3fPmhDCxYujslUC,,,,,,,,,,,,,,,,,,,,20,0,20,0,,0,,0,,3,,,,,,,,,,,,no
243,11/18/19 11:06,R_2f3wUuHW6R2O4w3,,,,,,,,,,,,,,,,,,,,0,0,20,0,,1,,0,,3,,,,,,,,,,,,"No everything was fine, thank you."
288,11/18/19 11:07,R_3HFGdIy6ZBOR6gH,,,,,,,,,,,,,,,,,,,,,,,,,,,,,,,0,0,20,0,,1,,0,,3,No issues
226,11/18/19 11:07,R_AApp1ogzm21ZtoR,,,,,,,,,,,,,,,,,,,,19,0,20,0,,0,,0,,2,,,,,,,,,,,,No
223,11/18/19 11:08,R_12frnvs6ttYFeiA,,,,,,,,,,,,,,,,,,,,,,,,,,,,,,,0,0,20,0,,1,,0,,3,No
472,11/18/19 11:10,R_24hBpal5QGyDkmZ,,,,,,,,,,,,,,,,,,,,,,,,,,,,,,,0,0,20,0,,0,,0,,3,no
445,11/18/19 11:10,R_XXkhOCr3uIYDBMB,1,19,20,0,1,0,3,,,,,,,,,,,,,,,,,,,,,,,,,,,,,,,,,,No
500,11/18/19 11:10,R_3hH3gOD4hfnzO9p,,,,,,,,,0,19,20,0,,0,,0,,3,,,,,,,,,,,,,,,,,,,,,,,No
295,11/18/19 11:11,R_2Tn6OGraTZ4Yj7E,,,,,,,,,,,,,,,,,,,,,,,,,,,,,,,0,0,20,5,,1,,0,,3,"I would point out that while the story says nobody will know which motor oil he is using, the fact his boat is going faster would be very obvious.  That question was hard to answer because of that."
336,11/18/19 11:12,R_BXM7scFuVD2Yczn,,,,,,,,,19,19,20,0,,1,,0,,3,,,,,,,,,,,,,,,,,,,,,,,No
266,11/18/19 11:13,R_3oLMMKurFR885cN,,,,,,,,,,,,,,,,,,,,0,0,20,0,,1,,0,,3,,,,,,,,,,,,Nothing at all was confusing.
496,11/18/19 11:13,R_WvTjGo2QX4QbkwF,0,19,20,0,1,0,3,,,,,,,,,,,,,,,,,,,,,,,,,,,,,,,,,,no
258,11/18/19 11:13,R_9TSmNuJ7JaKfbq1,,,,,,,,,,,,,,,,,,,,0,0,20,0,,1,,0,,3,,,,,,,,,,,,no
662,11/18/19 11:13,R_2DYd8KNlXHOuTVu,,,,,,,,,0,19,20,0,,0,,0,,3,,,,,,,,,,,,,,,,,,,,,,,All clear
288,11/18/19 11:14,R_3iqiRMfSdyIsKq4,0,19,20,0,0,0,3,,,,,,,,,,,,,,,,,,,,,,,,,,,,,,,,,,nothing was unclear
203,11/18/19 11:14,R_3m4B3yteaIw8LvI,,,,,,,,,,,,,,,,,,,,,,,,,,,,,,,0,0,20,0,,1,,0,,3,no
152,11/18/19 11:14,R_3rUlOzfCjkUxJRG,0,19,20,0,0,0,2,,,,,,,,,,,,,,,,,,,,,,,,,,,,,,,,,,no
305,11/18/19 11:15,R_2Tv3HYWL4IqOiAz,,,,,,,,,19,18,19,20,,1,,1,,2,,,,,,,,,,,,,,,,,,,,,,,
366,11/18/19 11:15,R_28FzSziS4U6fhVE,,,,,,,,,,,,,,,,,,,,,,,,,,,,,,,0,0,20,0,,1,,0,,3,No
284,11/18/19 11:16,R_2f6QtMB8ji77pcL,,,,,,,,,0,19,20,0,,0,,0,,3,,,,,,,,,,,,,,,,,,,,,,,Nope
886,11/18/19 11:20,R_25FUqf78PERvqL6,0,19,20,0,1,0,3,,,,,,,,,,,,,,,,,,,,,,,,,,,,,,,,,,no
217,11/18/19 11:20,R_2ZHtZFh6rdMqBj7,,,,,,,,,,,,,,,,,,,,0,0,20,0,,1,,0,,3,,,,,,,,,,,,no
296,11/18/19 11:22,R_25yDRnw6iUQ7VqV,,,,,,,,,,,,,,,,,,,,,,,,,,,,,,,10,50,3,1,,1,,1,,1,no
165,11/18/19 11:23,R_tXtGuoMRlsbkob7,,,,,,,,,,,,,,,,,,,,5,52,5,2,,1,,1,,2,,,,,,,,,,,,GOOD
203,11/18/19 11:24,R_2WwX7FbhHIP753w,0,19,20,0,1,1,3,,,,,,,,,,,,,,,,,,,,,,,,,,,,,,,,,,none
207,11/18/19 11:27,R_sGXqcLj47GkEbE5,,,,,,,,,19,19,20,0,,0,,0,,3,,,,,,,,,,,,,,,,,,,,,,,no
1486,11/18/19 11:29,R_Abxf65uRPnK0NP3,,,,,,,,,,,,,,,,,,,,19,3,20,7,,1,,1,,2,,,,,,,,,,,,no
96,11/18/19 11:29,R_3JJ0L4aSTNSEHy6,,,,,,,,,,,,,,,,,,,,,,,,,,,,,,,3,20,7,3,,1,,1,,2,nice
1208,11/18/19 11:38,R_2VQq1t4nqOTEijD,3,7,20,7,1,1,1,,,,,,,,,,,,,,,,,,,,,,,,,,,,,,,,,,no confusing
210,11/18/19 11:41,R_1mdVUpCqtAcrtrW,,,,,,,,,,,,,,,,,,,,0,0,20,0,,0,,0,,3,,,,,,,,,,,,There was nothing confusing or unclear.
216,11/18/19 11:47,R_2ZNsf7SzNCbmmmI,0,19,20,0,0,0,3,,,,,,,,,,,,,,,,,,,,,,,,,,,,,,,,,,No.
167,11/18/19 11:48,R_30pfEAldhb1b1GJ,,,,,,,,,19,19,20,0,,0,,0,,2,,,,,,,,,,,,,,,,,,,,,,,no
207,11/18/19 11:50,R_3D6zpDsrs8ksqAG,,,,,,,,,,,,,,,,,,,,,,,,,,,,,,,0,0,20,0,,0,,0,,2,no
104,11/18/19 11:50,R_3emdiZSZsguqt91,,,,,,,,,,,,,,,,,,,,7,3,20,7,,1,,1,,1,,,,,,,,,,,,No confusing
212,11/18/19 11:52,R_1oqikkpvWyA0fgU,,,,,,,,,,,,,,,,,,,,,,,,,,,,,,,0,0,20,0,,1,,0,,3,Nope
197,11/18/19 11:58,R_3frwcS4W8PzavMr,,,,,,,,,19,7,20,30,,1,,1,,1,,,,,,,,,,,,,,,,,,,,,,,NA
384,11/18/19 12:13,R_2tbvwrqYquym95k,20,19,15,25,1,1,1,,,,,,,,,,,,,,,,,,,,,,,,,,,,,,,,,,None
294,11/18/19 12:42,R_2VptlIN188KKwkA,,,,,,,,,,,,,,,,,,,,0,0,20,0,,1,,0,,3,,,,,,,,,,,,no
334,11/18/19 13:19,R_1JPnR6SriWp5Fcb,,,,,,,,,,,,,,,,,,,,,,,,,,,,,,,19,7,20,0,,0,,1,,2,nothing to confuse
203,11/18/19 20:13,R_Rw9qypcxoZN7MEV,,,,,,,,,,,,,,,,,,,,,,,,,,,,,,,0,0,20,0,,1,,0,,3,"If the people were lying for some reason, but I took them at face value"
144,11/18/19 20:13,R_3QXJp3lfE0kYc7L,,,,,,,,,,,,,,,,,,,,0,0,20,0,,1,,0,,3,,,,,,,,,,,,nope!
126,11/18/19 20:13,R_3fUlhFESjr0YSRP,0,19,20,0,0,0,3,,,,,,,,,,,,,,,,,,,,,,,,,,,,,,,,,,Nope. Everything was clear
177,11/18/19 20:13,R_3dRFgKShxFqEFwp,19,19,20,0,0,0,3,,,,,,,,,,,,,,,,,,,,,,,,,,,,,,,,,,no
163,11/18/19 20:13,R_2xPFIQPqQwKKsHX,0,19,20,0,0,0,3,,,,,,,,,,,,,,,,,,,,,,,,,,,,,,,,,,"No, seemed OK!"
155,11/18/19 20:13,R_eny99xxhvRxMhZD,0,19,20,0,0,0,3,,,,,,,,,,,,,,,,,,,,,,,,,,,,,,,,,,No
259,11/18/19 20:13,R_1IpdEiZx6h18Mal,,,,,,,,,0,19,20,0,,0,,0,,3,,,,,,,,,,,,,,,,,,,,,,,"the only thing not making sense is that if one of them uses it, EVERYONE will know because they will obviously be moving around faster and getting their work done quicker"
221,11/18/19 20:13,R_1QMxFomipAmCAN6,0,19,20,0,0,0,3,,,,,,,,,,,,,,,,,,,,,,,,,,,,,,,,,,no
196,11/18/19 20:13,R_1rHVKl1uXpGf4gV,,,,,,,,,0,19,20,0,,1,,0,,3,,,,,,,,,,,,,,,,,,,,,,,no
187,11/18/19 20:13,R_1rBNb7pZNZNxCVw,,,,,,,,,1,19,20,0,,1,,0,,3,,,,,,,,,,,,,,,,,,,,,,,Na
202,11/18/19 20:13,R_26maMBZVOxT8LHl,,,,,,,,,,,,,,,,,,,,,,,,,,,,,,,0,0,20,0,,0,,0,,3,No.
231,11/18/19 20:14,R_3p2PcNjeYoM6Yom,0,19,20,0,0,0,3,,,,,,,,,,,,,,,,,,,,,,,,,,,,,,,,,,
207,11/18/19 20:14,R_3kMtfVlh6VBt7L1,,,,,,,,,,,,,,,,,,,,,,,,,,,,,,,0,19,20,0,,1,,0,,3,no not really
199,11/18/19 20:14,R_3Moin3iozWShuFX,,,,,,,,,,,,,,,,,,,,0,0,20,0,,0,,0,,3,,,,,,,,,,,,"No, the survey was clear."
206,11/18/19 20:14,R_1dB5S5bBDq0PNJx,,,,,,,,,,,,,,,,,,,,,,,,,,,,,,,0,0,20,0,,0,,0,,3,no
147,11/18/19 20:14,R_1rH7nxvMxZiizrT,,,,,,,,,0,19,20,0,,0,,0,,3,,,,,,,,,,,,,,,,,,,,,,,No
234,11/18/19 20:14,R_3CIxPaMtA8i4CPQ,,,,,,,,,1,20,20,0,,0,,0,,3,,,,,,,,,,,,,,,,,,,,,,,no
256,11/18/19 20:14,R_1ZB4BO6uDnWww5H,,,,,,,,,,,,,,,,,,,,,,,,,,,,,,,0,0,20,0,,0,,0,,3,no
273,11/18/19 20:14,R_3lMSUtaC7T2l6Yq,,,,,,,,,19,19,20,0,,1,,0,,2,,,,,,,,,,,,,,,,,,,,,,,no
273,11/18/19 20:15,R_2VfrWt4NyKZpzck,,,,,,,,,19,19,20,0,,0,,0,,3,,,,,,,,,,,,,,,,,,,,,,,"No, it was very clear."
228,11/18/19 20:15,R_1ItnsG4vyDZLGUE,,,,,,,,,,,,,,,,,,,,0,0,20,0,,1,,0,,3,,,,,,,,,,,,no
188,11/18/19 20:15,R_3Rw6QELLzK5ywXA,,,,,,,,,,,,,,,,,,,,0,0,20,0,,0,,0,,3,,,,,,,,,,,,No
186,11/18/19 20:15,R_1pMToyYCXb6c1q7,1,19,20,0,1,0,3,,,,,,,,,,,,,,,,,,,,,,,,,,,,,,,,,,No
343,11/18/19 20:15,R_1KPYYrMpVXqDkOJ,,,,,,,,,0,20,20,2,,1,,0,,3,,,,,,,,,,,,,,,,,,,,,,,No
323,11/18/19 20:15,R_8CaJZhq25sXh5i9,,,,,,,,,,,,,,,,,,,,0,0,20,0,,1,,0,,3,,,,,,,,,,,,no
180,11/18/19 20:16,R_OJPNUxbn3GkTPcB,,,,,,,,,0,19,20,0,,0,,0,,3,,,,,,,,,,,,,,,,,,,,,,,no
332,11/18/19 20:16,R_3QXbQ8XA8zOEBbi,,,,,,,,,,,,,,,,,,,,0,0,20,0,,0,,0,,3,,,,,,,,,,,,no
311,11/18/19 20:16,R_1dhLPf0gnWMIP4t,,,,,,,,,,,,,,,,,,,,19,0,20,0,,0,,0,,2,,,,,,,,,,,,nothing at all
338,11/18/19 20:16,R_3PFcr8vG3quTBId,0,19,20,0,1,0,3,,,,,,,,,,,,,,,,,,,,,,,,,,,,,,,,,,no
324,11/18/19 20:16,R_riPocOE4t8jY1MJ,,,,,,,,,,,,,,,,,,,,0,0,20,0,,0,,0,,2,,,,,,,,,,,,"Not unclear at all, but if 30% increase means all the fish die, then 1% increase means unhealthy effects on the ecosystem."
239,11/18/19 20:16,R_3RxV5pvIcgbGnhn,,,,,,,,,,,,,,,,,,,,20,0,20,0,,1,,0,,3,,,,,,,,,,,,no
247,11/18/19 20:16,R_3oM8Ist4Tz6TvyE,0,19,20,0,0,0,3,,,,,,,,,,,,,,,,,,,,,,,,,,,,,,,,,,No
274,11/18/19 20:16,R_1OjywRzYsRQh0xc,,,,,,,,,6,4,5,5,,1,,1,,1,,,,,,,,,,,,,,,,,,,,,,,good
186,11/18/19 20:16,R_29iWO225yjlXkbg,,,,,,,,,,,,,,,,,,,,0,0,20,0,,0,,0,,3,,,,,,,,,,,,
327,11/18/19 20:16,R_3ERNTfbKhcT4lHX,0,19,20,0,0,0,3,,,,,,,,,,,,,,,,,,,,,,,,,,,,,,,,,,"no, but the last question should have an additional option I would've answered no, but over time it will make a difference "
269,11/18/19 20:16,R_6Paj4QQziLmBjjz,0,19,20,0,0,0,2,,,,,,,,,,,,,,,,,,,,,,,,,,,,,,,,,,no
194,11/18/19 20:16,R_3Em5bQg1ISBhSec,,,,,,,,,,,,,,,,,,,,,,,,,,,,,,,0,0,20,0,,0,,0,,3,
420,11/18/19 20:16,R_116oLzJvSc9EdOa,,,,,,,,,19,19,20,0,,0,,0,,3,,,,,,,,,,,,,,,,,,,,,,,no
226,11/18/19 20:16,R_1FmQHSsAGYoY4C4,1,19,20,0,0,0,3,,,,,,,,,,,,,,,,,,,,,,,,,,,,,,,,,,no
224,11/18/19 20:17,R_3elgMYQUJsodhuc,0,19,20,0,1,0,3,,,,,,,,,,,,,,,,,,,,,,,,,,,,,,,,,,No
342,11/18/19 20:17,R_1qaMzLNNmW4MWac,0,0,20,0,0,0,3,,,,,,,,,,,,,,,,,,,,,,,,,,,,,,,,,,Well I cannot tell if the survey is measuring morality or empathy
272,11/18/19 20:17,R_2Sfbds2fm3ajS9W,,,,,,,,,,,,,,,,,,,,,,,,,,,,,,,1,19,20,0,,1,,0,,2,NO 
444,11/18/19 20:17,R_d5nvjBRkpD4abAJ,0,19,20,0,0,0,3,,,,,,,,,,,,,,,,,,,,,,,,,,,,,,,,,,"No, everything was clear."
272,11/18/19 20:17,R_1FRfQMfh01opfti,,,,,,,,,,,,,,,,,,,,,,,,,,,,,,,1,0,20,0,,0,,0,,3,No
361,11/18/19 20:17,R_3GlBj6INjqY9Xbc,,,,,,,,,1,19,20,0,,0,,0,,3,,,,,,,,,,,,,,,,,,,,,,,Just one tiny point - visiting a coral reef on an inland lake in upstate New York seems very unlikely and gave me pause.
316,11/18/19 20:17,R_d6eEoMN4ad2txjH,,,,,,,,,0,18,20,0,,1,,0,,3,,,,,,,,,,,,,,,,,,,,,,,no
359,11/18/19 20:17,R_3PhuTC4Dgilfie3,,,,,,,,,0,5,20,19,,0,,0,,2,,,,,,,,,,,,,,,,,,,,,,,"No, it clearly showed a moral dilemma"
444,11/18/19 20:17,R_QiBlgex8Bh84k6t,,,,,,,,,,,,,,,,,,,,0,0,20,0,,1,,0,,3,,,,,,,,,,,,"The questions could use some clarity. Overall, a good survey and story. "
455,11/18/19 20:17,R_ZwQLebs6emMXtRL,,,,,,,,,,,,,,,,,,,,19,3,20,0,,1,,0,,3,,,,,,,,,,,,total fishing and new oil users are confusing
408,11/18/19 20:17,R_1OCPvSqsJ4rtqcx,,,,,,,,,,,,,,,,,,,,,,,,,,,,,,,0,0,20,0,,1,,0,,3,No
247,11/18/19 20:17,R_3HYaBW0SPBmfGom,,,,,,,,,,,,,,,,,,,,1,0,20,0,,1,,0,,3,,,,,,,,,,,,no
491,11/18/19 20:18,R_zbSh1yttxbOlMbv,,,,,,,,,,,,,,,,,,,,,,,,,,,,,,,19,0,20,0,,0,,0,,3,
228,11/18/19 20:18,R_2eQK2J7bof37ekM,,,,,,,,,,,,,,,,,,,,0,0,20,0,,1,,0,,3,,,,,,,,,,,,no
177,11/18/19 20:18,R_2Qgs5IbOvymmVg5,,,,,,,,,0,19,20,0,,0,,0,,3,,,,,,,,,,,,,,,,,,,,,,,None
353,11/18/19 20:18,R_3LeeDTqGHIWFsh4,,,,,,,,,0,18,19,0,,0,,1,,3,,,,,,,,,,,,,,,,,,,,,,,no
248,11/18/19 20:18,R_1lB5iRJuhhKAwdg,,,,,,,,,0,19,19,0,,0,,0,,3,,,,,,,,,,,,,,,,,,,,,,,"Yes. Those ""comprehension"" questions did not make any sense. It DOES NOT specify how many fishermen will actually use the new oil outside of the one man...so that question is poorly worded. "
517,11/18/19 20:18,R_1ROapdxxJpYfelH,,,,,,,,,10,5,20,10,,1,,1,,1,,,,,,,,,,,,,,,,,,,,,,,
261,11/18/19 20:18,R_3KDfkI3S8SyF3Uj,,,,,,,,,,,,,,,,,,,,0,0,20,0,,1,,0,,3,,,,,,,,,,,,it was exact. I had to read it a few times
319,11/18/19 20:18,R_6nepe5He7pisCc1,,,,,,,,,,,,,,,,,,,,,,,,,,,,,,,0,1,20,0,,0,,0,,3,no
361,11/18/19 20:18,R_10qQqMWvfzo0jOV,,,,,,,,,0,19,20,1,,1,,0,,3,,,,,,,,,,,,,,,,,,,,,,,"The question ""how many people besides John are actually going to use the new motor oil."" Because nobody would know who was using it, we can't know the answer to that question. I answered ""1"" because i was confused. Actually according to the story i guess it would be 0...?"
292,11/18/19 20:19,R_3g70st29ZjggTQ0,,,,,,,,,,,,,,,,,,,,,,,,,,,,,,,0,0,20,0,,0,,0,,3,no
406,11/18/19 20:19,R_1ewxQgs6BOJf2Ga,,,,,,,,,,,,,,,,,,,,0,0,20,0,,1,,0,,3,,,,,,,,,,,,No
295,11/18/19 20:19,R_2h5m8l26ucnSBW1,0,19,20,0,0,0,3,,,,,,,,,,,,,,,,,,,,,,,,,,,,,,,,,,No
134,11/18/19 20:19,R_XMP0RAylSwYJraN,,,,,,,,,,,,,,,,,,,,,,,,,,,,,,,19,0,7,0,,0,,0,,2,no
268,11/18/19 20:19,R_2xyguzB3RHxFQyn,0,19,20,0,1,0,3,,,,,,,,,,,,,,,,,,,,,,,,,,,,,,,,,,no
390,11/18/19 20:19,R_2YVUkLiC4DHjPEA,0,19,20,0,0,0,3,,,,,,,,,,,,,,,,,,,,,,,,,,,,,,,,,,no
68,11/18/19 20:19,R_AnEZAPW5brTCpod,,,,,,,,,,,,,,,,,,,,,,,,,,,,,,,4,5,3,6,,1,,1,,1,no
477,11/18/19 20:19,R_1Lp1JHRVx0p94Ow,,,,,,,,,0,19,20,0,,0,,0,,3,,,,,,,,,,,,,,,,,,,,,,,no
547,11/18/19 20:19,R_2z8hHcXrGRGBJvk,,,,,,,,,,,,,,,,,,,,,,,,,,,,,,,19,0,20,0,,0,,0,,3,No.
275,11/18/19 20:20,R_3RxzaZSpRBJcVmN,0,19,20,0,1,0,3,,,,,,,,,,,,,,,,,,,,,,,,,,,,,,,,,,Everything about this survey was abundantly clear.
175,11/18/19 20:20,R_1rBaqtVvrPZ7lzT,,,,,,,,,,,,,,,,,,,,0,0,20,0,,1,,0,,3,,,,,,,,,,,,No
245,11/18/19 20:20,R_veQKZDgqOWALxIJ,,,,,,,,,0,19,20,0,,0,,0,,3,,,,,,,,,,,,,,,,,,,,,,,no
173,11/18/19 20:20,R_2TowjJWuLD0aEka,,,,,,,,,0,19,20,0,,0,,0,,3,,,,,,,,,,,,,,,,,,,,,,,All was clear 
266,11/18/19 20:21,R_Rr9piOdrYsUOIIp,0,19,20,0,0,0,3,,,,,,,,,,,,,,,,,,,,,,,,,,,,,,,,,,nope
106,11/18/19 20:21,R_3HjqKppJBYXX7la,0,19,20,0,0,0,3,,,,,,,,,,,,,,,,,,,,,,,,,,,,,,,,,,
112,11/18/19 20:21,R_1M3Xt2yJGkyLf74,,,,,,,,,,,,,,,,,,,,0,0,20,0,,1,,0,,2,,,,,,,,,,,,No
268,11/18/19 20:21,R_2Cx1AiMQrMri8bS,,,,,,,,,,,,,,,,,,,,,,,,,,,,,,,19,1,20,1,,1,,0,,3,No
187,11/18/19 20:22,R_2xMln68WzPg1xh7,,,,,,,,,,,,,,,,,,,,,,,,,,,,,,,0,0,20,0,,0,,0,,3,no
173,11/18/19 20:22,R_2X1gDSTd93yvntU,0,19,20,0,1,0,3,,,,,,,,,,,,,,,,,,,,,,,,,,,,,,,,,,no
517,11/18/19 20:22,R_1rp6VtbC3R8LJek,,,,,,,,,,,,,,,,,,,,,,,,,,,,,,,19,1,20,1,,0,,0,,2,no
290,11/18/19 20:23,R_2xyQ6SlBsWiblj3,19,19,20,0,0,0,3,,,,,,,,,,,,,,,,,,,,,,,,,,,,,,,,,,no
285,11/18/19 20:23,R_0e7m4x6YJQrLA7D,,,,,,,,,0,19,20,0,,1,,0,,3,,,,,,,,,,,,,,,,,,,,,,,No
606,11/18/19 20:23,R_OlEYAWlYuwT9M41,,,,,,,,,,,,,,,,,,,,0,0,20,19,,1,,0,,3,,,,,,,,,,,,"If people told truth. Plus nothing in text was related to fish population health, only quantity of fish in the lake.may be new oil compound will affect its health."
202,11/18/19 20:23,R_4MB9zlHciqIChdD,0,19,20,0,0,0,2,,,,,,,,,,,,,,,,,,,,,,,,,,,,,,,,,,No
182,11/18/19 20:23,R_DbB47IORrosdtdL,,,,,,,,,,,,,,,,,,,,0,0,20,0,,1,,0,,3,,,,,,,,,,,,no
358,11/18/19 20:23,R_2bIEowYK71d1EYm,,,,,,,,,,,,,,,,,,,,,,,,,,,,,,,0,0,20,0,,0,,0,,3,no
826,11/18/19 20:23,R_1eKu008d1Qw8DaX,,,,,,,,,,,,,,,,,,,,,,,,,,,,,,,0,0,20,19,,0,,0,,2,The story wasn't completely clear about the amount of oil excreted into the water over time with a single boat so I assumed that it was not healthy for the fish
322,11/18/19 20:23,R_2PCgZb5v82GJ7hu,,,,,,,,,,,,,,,,,,,,0,0,20,0,,0,,0,,2,,,,,,,,,,,,no
324,11/18/19 20:24,R_rjxwwz0QStdSvol,,,,,,,,,,,,,,,,,,,,20,0,20,0,,1,,0,,3,,,,,,,,,,,,No
215,11/18/19 20:24,R_3jTo5aYCbs5fHIW,,,,,,,,,,,,,,,,,,,,,,,,,,,,,,,1,0,20,0,,1,,0,,3,It was not clear at first to use numbers instead of words to answer the first set of questions. 
339,11/18/19 20:25,R_3IYmldvktfRXCCa,,,,,,,,,,,,,,,,,,,,,,,,,,,,,,,0,0,20,0,,1,,0,,3,not really
309,11/18/19 20:25,R_1Cj7m43i024J6FW,,,,,,,,,0,19,20,0,,0,,0,,3,,,,,,,,,,,,,,,,,,,,,,,"Sometimes it was difficult to tell if I was including John in the number of people, but I think I get it!"
184,11/18/19 20:25,R_2rvFWjJP9jNV9Nl,0,19,20,0,1,0,3,,,,,,,,,,,,,,,,,,,,,,,,,,,,,,,,,,No.
183,11/18/19 20:25,R_3fuwhXRBvILmaz4,,,,,,,,,0,19,20,0,,0,,0,,3,,,,,,,,,,,,,,,,,,,,,,,"Engines burn gas, not oil."
298,11/18/19 20:25,R_p9FNDgiOGmCozHb,,,,,,,,,,,,,,,,,,,,,,,,,,,,,,,0,1,20,0,,0,,0,,3,No
310,11/18/19 20:26,R_2dA9dcCYA0G9KqW,,,,,,,,,,,,,,,,,,,,0,0,20,0,,1,,0,,3,,,,,,,,,,,,no
333,11/18/19 20:26,R_1jHvX0UgklwFqNv,19,19,20,0,0,0,3,,,,,,,,,,,,,,,,,,,,,,,,,,,,,,,,,,No
285,11/18/19 20:27,R_25t3rwcj9mIkiyI,0,19,20,0,1,0,3,,,,,,,,,,,,,,,,,,,,,,,,,,,,,,,,,,No
216,11/18/19 20:27,R_T1mcw16YbZ4QEoN,,,,,,,,,,,,,,,,,,,,0,0,20,0,,1,,0,,3,,,,,,,,,,,,No
408,11/18/19 20:27,R_3KIycB8V64WHiqN,,,,,,,,,0,20,20,0,,0,,0,,3,,,,,,,,,,,,,,,,,,,,,,,no
348,11/18/19 20:27,R_1GOZrspiZNiYBKY,,,,,,,,,,,,,,,,,,,,1,0,20,0,,1,,0,,3,,,,,,,,,,,,"I wanted to give explanations for the comprehensions questions--like saying 1 person would know John was using new oil because he would know himself, and that the number of people who want to use the new oil is unknown because we only know what they told John not what they actually want or will do"
463,11/18/19 20:27,R_1nUhvBmRi22vl9I,,,,,,,,,,,,,,,,,,,,,,,,,,,,,,,0,0,20,0,,0,,0,,3,No
536,11/18/19 20:27,R_Qm0KHYEnHqm3Av7,,,,,,,,,0,19,20,0,,0,,0,,3,,,,,,,,,,,,,,,,,,,,,,,The questions ask for one unknown value....who really knows how many will use the new oil.
356,11/18/19 20:27,R_NVLb9cd1uKWZ51n,,,,,,,,,0,19,20,0,,1,,0,,3,,,,,,,,,,,,,,,,,,,,,,,No
357,11/18/19 20:28,R_1mIAvoDP2t8Mwds,,,,,,,,,,,,,,,,,,,,19,0,20,0,,1,,0,,3,,,,,,,,,,,,no
195,11/18/19 20:28,R_SZAnMt4SwdXDmdb,,,,,,,,,,,,,,,,,,,,,,,,,,,,,,,20,0,20,4,,0,,0,,2,
328,11/18/19 20:28,R_1EX6tmSrYCrsCgy,,,,,,,,,,,,,,,,,,,,,,,,,,,,,,,0,0,20,0,,0,,0,,3,no
523,11/18/19 20:28,R_VWtWRuMA0Rl8HhD,,,,,,,,,19,19,20,0,,0,,0,,3,,,,,,,,,,,,,,,,,,,,,,,nothing confusing
238,11/18/19 20:29,R_3O93bPcRVXfVsml,0,19,20,0,1,0,3,,,,,,,,,,,,,,,,,,,,,,,,,,,,,,,,,,No.
157,11/18/19 20:29,R_3oH17AzFQ87IU6S,,,,,,,,,,,,,,,,,,,,,,,,,,,,,,,0,0,20,0,,0,,0,,2,no
366,11/18/19 20:29,R_2962Crnb6Ltm5Xp,,,,,,,,,0,19,20,0,,0,,0,,2,,,,,,,,,,,,,,,,,,,,,,,no
273,11/18/19 20:29,R_Av4hsLTbvbnqGdj,,,,,,,,,,,,,,,,,,,,0,0,20,0,,0,,0,,3,,,,,,,,,,,,nothing.  the moral questions were left to the reader and it was very interesting to follow through on it.  Morally challenging for sure especially since John didn't ask permission from anyone
340,11/18/19 20:29,R_Twj6doHwcaPTkIN,,,,,,,,,0,20,20,0,,0,,0,,2,,,,,,,,,,,,,,,,,,,,,,,Story is very clear
240,11/18/19 20:29,R_2fBCs1HNuCjysiv,0,19,20,0,1,0,3,,,,,,,,,,,,,,,,,,,,,,,,,,,,,,,,,,no
234,11/18/19 20:29,R_qDTBA8emwRX2ogx,,,,,,,,,0,19,20,0,,0,,0,,2,,,,,,,,,,,,,,,,,,,,,,,na
462,11/18/19 20:29,R_3P7cRqnqdzxL8Sb,,,,,,,,,,,,,,,,,,,,,,,,,,,,,,,0,7,20,7,,1,,1,,2,no all  are clear
386,11/18/19 20:29,R_2wb056ESx6h9cbh,0,19,20,0,1,0,3,,,,,,,,,,,,,,,,,,,,,,,,,,,,,,,,,,Nothing confusing at all
216,11/18/19 20:30,R_2wKsCN2N2W6B5Tn,,,,,,,,,0,20,20,0,,0,,0,,3,,,,,,,,,,,,,,,,,,,,,,,"No, it was very clear."
143,11/18/19 20:30,R_XHr5vh1A3ASM4db,,,,,,,,,,,,,,,,,,,,,,,,,,,,,,,0,0,20,0,,1,,0,,3,No
255,11/18/19 20:30,R_12o4Q6owoAf79gM,,,,,,,,,,,,,,,,,,,,,,,,,,,,,,,1,0,20,0,,1,,0,,3,No
450,11/18/19 20:30,R_3dveHyr2PPre0rT,,,,,,,,,,,,,,,,,,,,,,,,,,,,,,,0,0,20,0,,1,,0,,3,No.
239,11/18/19 20:30,R_bmfDMJQeAHCd2QF,,,,,,,,,,,,,,,,,,,,19,0,20,0,,1,,0,,3,,,,,,,,,,,,no
292,11/18/19 20:30,R_qPxUJ1Pg5zKllNn,0,19,20,0,0,0,3,,,,,,,,,,,,,,,,,,,,,,,,,,,,,,,,,,no
246,11/18/19 20:30,R_3Eon1BiKHKrUbyt,,,,,,,,,,,,,,,,,,,,0,0,20,0,,1,,0,,3,,,,,,,,,,,,no
524,11/18/19 20:30,R_AnCKE8sPilLwfIJ,,,,,,,,,19,19,20,0,,0,,0,,3,,,,,,,,,,,,,,,,,,,,,,,no
223,11/18/19 20:31,R_2Vx0Qrta03SVmSz,,,,,,,,,,,,,,,,,,,,0,0,20,0,,0,,0,,3,,,,,,,,,,,,No
306,11/18/19 20:31,R_1N2HOXYErlQ5fYu,0,20,20,0,1,0,3,,,,,,,,,,,,,,,,,,,,,,,,,,,,,,,,,,
123,11/18/19 20:31,R_3Ea4hUd6yh4qD9J,,,,,,,,,,,,,,,,,,,,0,0,20,0,,1,,0,,3,,,,,,,,,,,,no
416,11/18/19 20:31,R_O7OOFuMVSOdd4xH,,,,,,,,,,,,,,,,,,,,,,,,,,,,,,,0,0,20,0,,1,,0,,3,no
356,11/18/19 20:31,R_Pwkyx1voQWkjyed,,,,,,,,,0,19,20,0,,0,,0,,3,,,,,,,,,,,,,,,,,,,,,,,No
229,11/18/19 20:31,R_s7Kj38a5WrDW7ND,0,19,20,0,1,0,3,,,,,,,,,,,,,,,,,,,,,,,,,,,,,,,,,,no
368,11/18/19 20:31,R_2TuRNqs7qazjTFW,,,,,,,,,0,20,20,0,,0,,0,,3,,,,,,,,,,,,,,,,,,,,,,,No I don't think so. It wasn't confusing!
371,11/18/19 20:31,R_8oIc7LxQ5F6Dho5,,,,,,,,,,,,,,,,,,,,19,0,20,0,,1,,0,,3,,,,,,,,,,,,
487,11/18/19 20:32,R_9TTmldEmrOnstZn,,,,,,,,,,,,,,,,,,,,0,0,20,0,,0,,0,,3,,,,,,,,,,,,No.
256,11/18/19 20:32,R_qCawCEHPzntUPlf,,,,,,,,,1,19,20,0,,0,,0,,2,,,,,,,,,,,,,,,,,,,,,,,no
373,11/18/19 20:32,R_1pM8PCXY6He6DoV,,,,,,,,,,,,,,,,,,,,,,,,,,,,,,,0,0,20,0,,0,,0,,2,How everyone  makes the same living. Makes no sense how they live.
115,11/18/19 20:33,R_1ikgvS87a2helxK,19,19,20,3,0,0,2,,,,,,,,,,,,,,,,,,,,,,,,,,,,,,,,,,No
221,11/18/19 20:34,R_1IzTTwsiiSIzcj9,0,19,20,0,1,0,3,,,,,,,,,,,,,,,,,,,,,,,,,,,,,,,,,,no
388,11/18/19 20:34,R_1r1ycgfXwP15Ofb,,,,,,,,,,,,,,,,,,,,,,,,,,,,,,,0,0,20,0,,0,,0,,3,no
232,11/18/19 20:34,R_1IGXLr9Ky57ymfX,0,19,20,0,0,0,2,,,,,,,,,,,,,,,,,,,,,,,,,,,,,,,,,,No
295,11/18/19 20:35,R_6hRaPjz8PbcXITn,,,,,,,,,19,19,20,0,,0,,0,,2,,,,,,,,,,,,,,,,,,,,,,,
201,11/18/19 20:35,R_9BtEXIBpXgGHoHf,,,,,,,,,,,,,,,,,,,,,,,,,,,,,,,0,1,20,1,,0,,0,,3,No
172,11/18/19 20:35,R_RgDvOhGuWLXfJjX,,,,,,,,,0,19,20,0,,1,,0,,3,,,,,,,,,,,,,,,,,,,,,,,
187,11/18/19 20:35,R_Xup374p4cVJE73r,,,,,,,,,,,,,,,,,,,,,,,,,,,,,,,1,0,20,0,,1,,0,,3,No
273,11/18/19 20:37,R_3lJMLWUtJv6lGFK,,,,,,,,,0,19,19,0,,0,,0,,3,,,,,,,,,,,,,,,,,,,,,,,No
536,11/18/19 20:37,R_29n4Ry9QqhsyuDf,,,,,,,,,,,,,,,,,,,,19,0,20,0,,1,,0,,3,,,,,,,,,,,,It seems clear.
292,11/18/19 20:37,R_1BW8sFknRY4RmLB,,,,,,,,,,,,,,,,,,,,,,,,,,,,,,,19,0,20,0,,1,,0,,3,It was clear
388,11/18/19 20:37,R_OfeW6ilyk2a8UyB,,,,,,,,,,,,,,,,,,,,,,,,,,,,,,,0,0,20,0,,0,,0,,3,The survey was easy to understand. 
691,11/18/19 20:37,R_214dZY99dH3wYss,19,19,20,0,0,0,3,,,,,,,,,,,,,,,,,,,,,,,,,,,,,,,,,,no
184,11/18/19 20:37,R_6sy1f41wYBSBL0d,,,,,,,,,0,19,20,0,,1,,0,,3,,,,,,,,,,,,,,,,,,,,,,,
199,11/18/19 20:38,R_qVF6RH3ZGdE7r9v,0,19,20,0,1,0,3,,,,,,,,,,,,,,,,,,,,,,,,,,,,,,,,,,"More information about the impact of the new oil would be helpful. If enough oil kills the fish, then surely some oil would affect the size/health of the fish, which could affect the livelihood of the fishermen"
648,11/18/19 20:38,R_XtdKz1MlnOc5YbL,,,,,,,,,0,19,20,0,,0,,0,,3,,,,,,,,,,,,,,,,,,,,,,,"No, everything seemed just fine, thanks."
362,11/18/19 20:38,R_vGBTIcw7iHDApFv,,,,,,,,,,,,,,,,,,,,0,0,20,0,,0,,0,,2,,,,,,,,,,,,I was a little confused at the questions regarding how many people wanted to use it etc
266,11/18/19 20:38,R_3qfIrsw88w55X8u,,,,,,,,,0,19,20,0,,0,,0,,3,,,,,,,,,,,,,,,,,,,,,,,"If even one person uses the oil, wouldn't it most likely still affect the fish? Maybe only the babies?"
299,11/18/19 20:38,R_1gT117OymLGdziE,19,19,20,0,1,0,3,,,,,,,,,,,,,,,,,,,,,,,,,,,,,,,,,,no
315,11/18/19 20:38,R_Y03Nxjo0xloUDmh,,,,,,,,,,,,,,,,,,,,,,,,,,,,,,,0,0,20,0,,0,,0,,2,no
315,11/18/19 20:39,R_2RVTiMSykXwAQ77,,,,,,,,,,,,,,,,,,,,,,,,,,,,,,,0,0,20,0,,1,,0,,3,Nope 
186,11/18/19 20:39,R_1NttRvMz7kD6fUB,0,19,20,0,1,0,3,,,,,,,,,,,,,,,,,,,,,,,,,,,,,,,,,,No
290,11/18/19 20:40,R_3HwCJyJlIj1xeKG,,,,,,,,,,,,,,,,,,,,0,0,20,0,,1,,0,,3,,,,,,,,,,,,
276,11/18/19 20:40,R_2cjzJAID7SvO2bs,,,,,,,,,,,,,,,,,,,,0,0,20,0,,1,,0,,3,,,,,,,,,,,,No
178,11/18/19 20:40,R_2ahu0YxO1LtHZCy,,,,,,,,,,,,,,,,,,,,0,0,20,0,,0,,0,,2,,,,,,,,,,,,No
566,11/18/19 20:40,R_1qWpdBTFZxWTvRD,,,,,,,,,0,19,20,0,,0,,0,,3,,,,,,,,,,,,,,,,,,,,,,,"Yes, You were not specific in the type of the answers you are looking for. You should have specified you only wanted a number"
280,11/18/19 20:40,R_uyb3wHYYiYRencZ,19,19,20,0,0,0,3,,,,,,,,,,,,,,,,,,,,,,,,,,,,,,,,,,no
182,11/18/19 20:41,R_r0EGjfoWvPjuABX,,,,,,,,,0,19,20,0,,0,,0,,3,,,,,,,,,,,,,,,,,,,,,,,no
266,11/18/19 20:41,R_3ERQVIR2jllCgsJ,,,,,,,,,0,19,20,0,,0,,0,,2,,,,,,,,,,,,,,,,,,,,,,,no
215,11/18/19 20:41,R_2aryQGzeROrMdiN,,,,,,,,,,,,,,,,,,,,,,,,,,,,,,,0,0,20,0,,0,,0,,2,Nothing.
150,11/18/19 20:41,R_3eGxjxCW8nqwW2Z,,,,,,,,,0,19,20,0,,0,,0,,3,,,,,,,,,,,,,,,,,,,,,,,no
286,11/18/19 20:41,R_3DiGWr3Y7VyQ4Vs,,,,,,,,,,,,,,,,,,,,,,,,,,,,,,,0,0,20,0,,0,,0,,3,Nothing was confusing or unclear.
177,11/18/19 20:41,R_UrRqGzBZn393XS9,20,19,20,19,0,0,3,,,,,,,,,,,,,,,,,,,,,,,,,,,,,,,,,,No
342,11/18/19 20:41,R_1dhrObPNlOXQUJe,,,,,,,,,0,19,20,0,,0,,0,,2,,,,,,,,,,,,,,,,,,,,,,,no.
338,11/18/19 20:42,R_3qjHULx0hmBIJdP,,,,,,,,,,,,,,,,,,,,0,0,20,0,,1,,0,,3,,,,,,,,,,,,No
186,11/18/19 20:42,R_SK9lMaE0bBVRCQF,,,,,,,,,,,,,,,,,,,,0,0,20,0,,0,,0,,3,,,,,,,,,,,,no
429,11/18/19 20:43,R_afTzhpoDxzawYLf,0,19,20,0,0,0,2,,,,,,,,,,,,,,,,,,,,,,,,,,,,,,,,,,No
201,11/18/19 20:43,R_9Na5eszpQpgWlDb,0,19,20,0,1,0,3,,,,,,,,,,,,,,,,,,,,,,,,,,,,,,,,,,"No, it was all very clear."
193,11/18/19 20:43,R_2xKUOE1OXoqS6Jy,,,,,,,,,,,,,,,,,,,,,,,,,,,,,,,0,19,20,0,,1,,0,,3,No
450,11/18/19 20:43,R_2E3FqtHyXi4J9sV,,,,,,,,,,,,,,,,,,,,,,,,,,,,,,,0,0,20,0,,0,,0,,3,No there was not anything unclear in this survey.
811,11/18/19 20:44,R_2VBCxiutl8JewMs,,,,,,,,,,,,,,,,,,,,0,0,20,0,,1,,0,,3,,,,,,,,,,,,no
145,11/18/19 20:44,R_31d3mJ8BMxOF1J8,0,20,20,0,0,0,3,,,,,,,,,,,,,,,,,,,,,,,,,,,,,,,,,,No
313,11/18/19 20:44,R_ROEIWlgwWdYLSmd,,,,,,,,,0,19,20,0,,0,,0,,3,,,,,,,,,,,,,,,,,,,,,,,no
201,11/18/19 20:44,R_2usc7PEkqWGK9nK,,,,,,,,,,,,,,,,,,,,0,0,20,0,,0,,0,,2,,,,,,,,,,,,No.
350,11/18/19 20:44,R_3ELJNpxUigbKoXr,,,,,,,,,,,,,,,,,,,,,,,,,,,,,,,19,0,20,0,,1,,0,,3,No
161,11/18/19 20:44,R_vjkhq46L20nNOUx,,,,,,,,,0,19,20,0,,0,,0,,3,,,,,,,,,,,,,,,,,,,,,,,No
174,11/18/19 20:44,R_O6AVppgMKBze5b3,,,,,,,,,,,,,,,,,,,,,,,,,,,,,,,0,0,20,0,,1,,0,,3,no
314,11/18/19 20:45,R_1kI9VMtxjrdHpYo,,,,,,,,,,,,,,,,,,,,,,,,,,,,,,,0,0,20,0,,1,,0,,3,No Problems. 
463,11/18/19 20:45,R_3ixtFmcLA0KFW5l,0,3,20,19,1,0,3,,,,,,,,,,,,,,,,,,,,,,,,,,,,,,,,,,no
237,11/18/19 20:45,R_2R4HGQI3R9METhP,,,,,,,,,,,,,,,,,,,,0,0,20,0,,1,,0,,3,,,,,,,,,,,,no
335,11/18/19 20:45,R_2Qs2XLMmgdVEygi,,,,,,,,,0,19,20,0,,0,,0,,3,,,,,,,,,,,,,,,,,,,,,,,no
147,11/18/19 20:45,R_2wQv71lC8iBxyxw,,,,,,,,,,,,,,,,,,,,0,0,20,0,,1,,0,,3,,,,,,,,,,,,no
823,11/18/19 20:45,R_1n6fQDL5gdJkFSN,0,19,20,0,0,0,2,,,,,,,,,,,,,,,,,,,,,,,,,,,,,,,,,,"No. John can most likely get away with using the new oil, but it's a matter of consciousness"
435,11/18/19 20:46,R_3KVJfF8ALzAYHnk,,,,,,,,,,,,,,,,,,,,0,0,20,0,,1,,0,,3,,,,,,,,,,,,No. Great survey. 
185,11/18/19 20:46,R_AoDMxO5r3vnFXkl,,,,,,,,,,,,,,,,,,,,1,0,20,0,,1,,0,,3,,,,,,,,,,,,"yes, for the question how many people will know if john used the motor oil i didnt know if that counted john so i put 1 because john would know but nobody else"
297,11/18/19 20:46,R_2UYk5E62rmgd2am,,,,,,,,,0,20,20,0,,1,,0,,3,,,,,,,,,,,,,,,,,,,,,,,no
178,11/18/19 20:46,R_egOiKCf6tZy7S49,0,20,20,0,0,0,3,,,,,,,,,,,,,,,,,,,,,,,,,,,,,,,,,,no
291,11/18/19 20:47,R_2zM6VMFfmbwzoLa,,,,,,,,,,,,,,,,,,,,,,,,,,,,,,,0,20,20,0,,0,,0,,2,no
168,11/18/19 20:47,R_2tDo9RbNLJAr4Bs,0,19,20,0,0,0,3,,,,,,,,,,,,,,,,,,,,,,,,,,,,,,,,,,no
613,11/18/19 20:47,R_1q1y09vVKpoOjNw,,,,,,,,,,,,,,,,,,,,0,0,20,0,,1,,0,,3,,,,,,,,,,,,no
273,11/18/19 20:48,R_3Dimhi8FrwVCMKG,,,,,,,,,0,19,20,0,,0,,0,,3,,,,,,,,,,,,,,,,,,,,,,,no
56,11/18/19 20:48,R_dd853Pot0aHZJQd,,,,,,,,,,,,,,,,,,,,,,,,,,,,,,,32,35,23,13,,1,,1,,2,I DINT KNOW
230,11/18/19 20:49,R_3k6ypcqnppZkSB0,,,,,,,,,0,19,19,0,,1,,0,,3,,,,,,,,,,,,,,,,,,,,,,,No
283,11/18/19 20:49,R_2rOZo6ikl3utJDb,,,,,,,,,0,19,20,0,,0,,0,,3,,,,,,,,,,,,,,,,,,,,,,,I found it hard to assess if the motor oil in use by 3 or less boaters will truly have no effect whatsoever or just an 'insignificant' effect on the fish population
416,11/18/19 20:49,R_1QzqQkBCHOXOaSJ,0,19,20,0,1,0,3,,,,,,,,,,,,,,,,,,,,,,,,,,,,,,,,,,no
309,11/18/19 20:50,R_2tKx1C5qHatPxQt,,,,,,,,,,,,,,,,,,,,,,,,,,,,,,,19,0,20,0,,1,,0,,3,no
394,11/18/19 20:50,R_22Vn8kpNd5x6GZf,,,,,,,,,,,,,,,,,,,,,,,,,,,,,,,19,18,20,19,,0,,1,,2,no
356,11/18/19 20:51,R_1eL6Y7zy7Sy0X0D,0,19,20,0,0,0,2,,,,,,,,,,,,,,,,,,,,,,,,,,,,,,,,,,Maybe the question about who will know. The shopkeeper will know he uses the oil. The boaters won't unless the shopkeeper is a snitch.
436,11/18/19 20:52,R_3JejYH29TWQG1Hn,,,,,,,,,,,,,,,,,,,,0,0,20,0,,0,,0,,3,,,,,,,,,,,,"No, well done."
272,11/18/19 20:52,R_3GoFq2DJMcMhZxj,,,,,,,,,,,,,,,,,,,,,,,,,,,,,,,0,0,20,0,,0,,0,,3,No
222,11/18/19 20:52,R_2xDinD7Cp3zlDad,,,,,,,,,0,20,20,0,,1,,0,,3,,,,,,,,,,,,,,,,,,,,,,,No
344,11/18/19 20:52,R_3spDYM8opbGzCjk,,,,,,,,,,,,,,,,,,,,0,0,20,0,,1,,0,,3,,,,,,,,,,,,no
318,11/18/19 20:52,R_2f1kOx7vRjQS7qt,0,19,20,0,0,0,2,,,,,,,,,,,,,,,,,,,,,,,,,,,,,,,,,,"No, I understood it clearly. I think John still should think of the fish though. If the fish die too quickly they might not repopulate fast enough either"
162,11/18/19 20:52,R_25vdHrJd1WvyUcj,19,19,20,19,0,0,3,,,,,,,,,,,,,,,,,,,,,,,,,,,,,,,,,,none
395,11/18/19 20:53,R_24nFjfaqZsHt3GN,,,,,,,,,0,19,20,0,,0,,0,,3,,,,,,,,,,,,,,,,,,,,,,,
259,11/18/19 20:53,R_10r5jMqeJSa4YT9,0,19,20,0,0,0,3,,,,,,,,,,,,,,,,,,,,,,,,,,,,,,,,,,No
301,11/18/19 20:53,R_2PneogWsJXNJ0s4,,,,,,,,,,,,,,,,,,,,,,,,,,,,,,,0,0,20,0,,1,,0,,3,No
376,11/18/19 20:53,R_3CJYsKNQJba7dIU,,,,,,,,,,,,,,,,,,,,0,0,20,0,,1,,0,,3,,,,,,,,,,,,No
321,11/18/19 20:55,R_1mgBM0mOmgdxbRq,,,,,,,,,20,20,19,3,,0,,0,,2,,,,,,,,,,,,,,,,,,,,,,,No
386,11/18/19 20:55,R_2Qn5TNYqtSydko4,,,,,,,,,,,,,,,,,,,,,,,,,,,,,,,0,1,20,0,,1,,0,,3,No
269,11/18/19 20:55,R_1N4ieAKRxSwUn0i,,,,,,,,,0,19,20,0,,0,,0,,2,,,,,,,,,,,,,,,,,,,,,,,no
270,11/18/19 20:55,R_2v2prgvSzH94kei,,,,,,,,,0,19,20,0,,0,,0,,3,,,,,,,,,,,,,,,,,,,,,,,no
343,11/18/19 20:55,R_2CNAqQAiTexK3KV,,,,,,,,,,,,,,,,,,,,19,0,20,0,,0,,0,,2,,,,,,,,,,,,nothing
1094,11/18/19 20:56,R_2EjdLRfd0yhO2nr,0,19,20,0,0,0,3,,,,,,,,,,,,,,,,,,,,,,,,,,,,,,,,,,NO.
351,11/18/19 20:57,R_31MkUgfaEukT3De,,,,,,,,,,,,,,,,,,,,,,,,,,,,,,,19,3,20,1,,1,,0,,3,Everything was great.
401,11/18/19 20:57,R_ALp2oTsmuQIQVm9,,,,,,,,,,,,,,,,,,,,0,0,20,0,,0,,0,,3,,,,,,,,,,,,It wasn't clear to me if some of my answers were supposed to be with digits or written out.
420,11/18/19 20:57,R_2Y4FgfEQeJNcBSb,,,,,,,,,,,,,,,,,,,,0,0,20,0,,1,,0,,2,,,,,,,,,,,,no
663,11/18/19 20:59,R_2fpyAZULrhavCAr,,,,,,,,,,,,,,,,,,,,0,0,20,19,,0,,0,,3,,,,,,,,,,,,no
532,11/18/19 20:59,R_2Y4U3nzetA8wGpb,0,19,20,0,1,0,3,,,,,,,,,,,,,,,,,,,,,,,,,,,,,,,,,,No
238,11/18/19 20:59,R_31LVAeT2IC019Fi,,,,,,,,,,,,,,,,,,,,,,,,,,,,,,,0,0,20,0,,0,,0,,3,no
296,11/18/19 20:59,R_2aFFkH4iwxyk3M6,,,,,,,,,0,19,20,0,,1,,0,,3,,,,,,,,,,,,,,,,,,,,,,,no
539,11/18/19 20:59,R_31TcAhcKKFmHd2P,,,,,,,,,,,,,,,,,,,,,,,,,,,,,,,0,0,20,0,,0,,0,,3,No
248,11/18/19 21:00,R_3rU6xf5E8XrI1XT,,,,,,,,,0,18,20,0,,0,,0,,3,,,,,,,,,,,,,,,,,,,,,,,No
281,11/18/19 21:00,R_3MlprOGIn7ZvucP,0,19,20,20,0,0,3,,,,,,,,,,,,,,,,,,,,,,,,,,,,,,,,,,No
361,11/18/19 21:01,R_1Ny3TJ8PpwFWBNf,0,20,20,0,0,0,2,,,,,,,,,,,,,,,,,,,,,,,,,,,,,,,,,,No.
253,11/18/19 21:01,R_3qJ6MIFyRrsnrnb,,,,,,,,,,,,,,,,,,,,19,3,20,7,,1,,1,,1,,,,,,,,,,,,NO
331,11/18/19 21:02,R_2YccwNJm4z9H23t,,,,,,,,,0,19,20,0,,0,,0,,3,,,,,,,,,,,,,,,,,,,,,,,
175,11/18/19 21:02,R_1EaiLQtuoAIcWgU,,,,,,,,,,,,,,,,,,,,20,19,20,1,,1,,0,,3,,,,,,,,,,,,no
161,11/18/19 21:03,R_1LRtu8nvR8gwgSL,,,,,,,,,,,,,,,,,,,,,,,,,,,,,,,0,0,20,0,,0,,0,,3,nope
369,11/18/19 21:03,R_23MrXh01qz0ZiKZ,0,19,20,0,0,0,3,,,,,,,,,,,,,,,,,,,,,,,,,,,,,,,,,,No
243,11/18/19 21:03,R_2zhXLhmXVcfZsbY,,,,,,,,,,,,,,,,,,,,,,,,,,,,,,,0,0,20,0,,0,,0,,3,
261,11/18/19 21:04,R_3Lir4rHdMK3pxLZ,,,,,,,,,,,,,,,,,,,,19,20,20,1,,0,,0,,3,,,,,,,,,,,,no
152,11/18/19 21:04,R_1l0kalAWM3zZVrT,,,,,,,,,0,19,20,0,,0,,0,,3,,,,,,,,,,,,,,,,,,,,,,,no
227,11/18/19 21:05,R_1IMLNIamjF6PcdG,0,19,20,0,0,0,3,,,,,,,,,,,,,,,,,,,,,,,,,,,,,,,,,,no
339,11/18/19 21:06,R_TnPCAkpeFeHC4OR,,,,,,,,,0,19,20,0,,0,,0,,2,,,,,,,,,,,,,,,,,,,,,,,No
205,11/18/19 21:06,R_2TFdj9BGV81YOzd,,,,,,,,,,,,,,,,,,,,,,,,,,,,,,,0,0,20,0,,1,,0,,3,no
406,11/18/19 21:06,R_1eFO28h37cbVM70,0,19,20,0,0,0,3,,,,,,,,,,,,,,,,,,,,,,,,,,,,,,,,,,no
169,11/18/19 21:07,R_27k6Z18snSXlrBI,,,,,,,,,,,,,,,,,,,,0,0,20,0,,1,,0,,3,,,,,,,,,,,,none
219,11/18/19 21:07,R_TbK9fiZMMYCnJHr,,,,,,,,,0,19,20,0,,0,,0,,3,,,,,,,,,,,,,,,,,,,,,,,all clear
202,11/18/19 21:07,R_2Cmo9yXz6VDC7UZ,,,,,,,,,,,,,,,,,,,,,,,,,,,,,,,2,0,20,0,,0,,0,,2,no
345,11/18/19 21:08,R_2To70LEUHlZPyrz,0,19,20,0,1,0,3,,,,,,,,,,,,,,,,,,,,,,,,,,,,,,,,,,"No, it was very clear."
306,11/18/19 21:10,R_1q7JVhKu5he8YMk,,,,,,,,,,,,,,,,,,,,,,,,,,,,,,,0,0,20,0,,0,,0,,3,No.
171,11/18/19 21:10,R_xxRAY045kRkVzah,1,19,20,0,1,0,3,,,,,,,,,,,,,,,,,,,,,,,,,,,,,,,,,,No
354,11/18/19 21:10,R_25yYbWpl5TPrAb3,0,19,20,0,0,0,3,,,,,,,,,,,,,,,,,,,,,,,,,,,,,,,,,,
235,11/18/19 21:10,R_3sjkpGb7j7A3xot,0,19,20,0,1,0,3,,,,,,,,,,,,,,,,,,,,,,,,,,,,,,,,,,No
86,11/18/19 21:10,R_w0QjwDwRKECgBJ7,,,,,,,,,5,5,7,1,,1,,1,,1,,,,,,,,,,,,,,,,,,,,,,,no
341,11/18/19 21:11,R_3neH5RCLvFsxTuy,,,,,,,,,,,,,,,,,,,,0,0,19,0,,0,,0,,3,,,,,,,,,,,,too much of the motor oik will destroy the population do even a small amount woulf affect the health. 19 fishermen would probably notice the tour boat going faster.
160,11/18/19 21:11,R_3qs5jWHFWyXNQlH,0,19,20,0,0,0,3,,,,,,,,,,,,,,,,,,,,,,,,,,,,,,,,,,
188,11/18/19 21:11,R_vZBHVvRldpM9OlH,,,,,,,,,,,,,,,,,,,,,,,,,,,,,,,0,0,20,0,,1,,0,,3,
352,11/18/19 21:12,R_1Uews17iHyrST05,,,,,,,,,,,,,,,,,,,,0,0,20,0,,1,,0,,3,,,,,,,,,,,,The only thing that was unclear was weather he told the 19 fishermen that he was going to use the new motor oil.
384,11/18/19 21:13,R_w6tAh6srak9n8c1,,,,,,,,,0,0,19,7,,0,,0,,2,,,,,,,,,,,,,,,,,,,,,,,no
307,11/18/19 21:13,R_3M4YpJ8mPMBqeZK,,,,,,,,,,,,,,,,,,,,,,,,,,,,,,,1,0,20,0,,1,,0,,3,No
1358,11/18/19 21:13,R_11bctvID8wGbfqB,,,,,,,,,,,,,,,,,,,,0,1,20,1,,0,,0,,3,,,,,,,,,,,,No.
357,11/18/19 21:14,R_3FOtCJbtZ2NZif4,,,,,,,,,,,,,,,,,,,,0,0,20,0,,1,,0,,3,,,,,,,,,,,,no
813,11/18/19 21:15,R_1n3JZN4CmjNeqfT,,,,,,,,,,,,,,,,,,,,0,0,20,0,,1,,0,,3,,,,,,,,,,,,
217,11/18/19 21:16,R_2VlLOWO6D2KqyGw,,,,,,,,,,,,,,,,,,,,0,0,20,0,,0,,0,,3,,,,,,,,,,,,Not particularly
103,11/18/19 21:17,R_RkQjWPaYE06m6aJ,3,1,20,2,1,1,1,,,,,,,,,,,,,,,,,,,,,,,,,,,,,,,,,,Yea
621,11/18/19 21:17,R_2bTxy5mSCW6bJQa,,,,,,,,,,,,,,,,,,,,,,,,,,,,,,,0,0,20,0,,0,,0,,3,No
177,11/18/19 21:18,R_10Zy4GdC9vYhYd0,19,20,20,4,0,0,3,,,,,,,,,,,,,,,,,,,,,,,,,,,,,,,,,,
533,11/18/19 21:19,R_80QuCW9Y0EjHyRH,19,19,20,0,0,0,2,,,,,,,,,,,,,,,,,,,,,,,,,,,,,,,,,,No
807,11/18/19 21:19,R_3fH4y9VLA7i1SKQ,,,,,,,,,0,7,20,1,,0,,0,,3,,,,,,,,,,,,,,,,,,,,,,,NO
209,11/18/19 21:20,R_9uDfvGCmX1s55kZ,,,,,,,,,,,,,,,,,,,,0,0,20,0,,1,,0,,2,,,,,,,,,,,,No
243,11/18/19 21:20,R_3lYs08PMJdgDLly,0,19,20,0,0,0,3,,,,,,,,,,,,,,,,,,,,,,,,,,,,,,,,,,no
250,11/18/19 21:20,R_ukAFfRDtsaCA7w5,,,,,,,,,,,,,,,,,,,,19,0,20,0,,0,,0,,3,,,,,,,,,,,,
348,11/18/19 21:20,R_b7p6oq7FI8Vl3ZD,,,,,,,,,,,,,,,,,,,,20,0,20,0,,0,,0,,3,,,,,,,,,,,,No
1360,11/18/19 21:20,R_DS4iwaI8jHmc9bP,1,19,20,0,1,0,3,,,,,,,,,,,,,,,,,,,,,,,,,,,,,,,,,,"the question about how many people would know john was using it was unclear, that could be 1 person John, two people John and the store owner or the entire town since its a small town afterall."
539,11/18/19 21:21,R_1oIs0FPk5FG1L9t,,,,,,,,,0,18,20,0,,0,,0,,2,,,,,,,,,,,,,,,,,,,,,,,no it was pretty clear
278,11/18/19 21:21,R_ufd3wgEdsJ8ORYR,,,,,,,,,3,7,20,19,,0,,0,,2,,,,,,,,,,,,,,,,,,,,,,,no
166,11/18/19 21:22,R_2qw3wJOhF7M4v1I,,,,,,,,,20,7,20,7,,1,,0,,2,,,,,,,,,,,,,,,,,,,,,,,No
175,11/18/19 21:23,R_3EJPaIqSNYBHbWh,,,,,,,,,0,19,20,0,,1,,0,,3,,,,,,,,,,,,,,,,,,,,,,,No
283,11/18/19 21:24,R_WCFjDW92Lf4CLUB,,,,,,,,,,,,,,,,,,,,,,,,,,,,,,,0,0,20,0,,0,,0,,3,none
549,11/18/19 21:24,R_3PYKGp1htaWAW80,,,,,,,,,,,,,,,,,,,,,,,,,,,,,,,0,1,20,0,,0,,0,,3,You need to be clearer on what a valid number is.  As a water quality specialist this is interesting but confusing.
409,11/18/19 21:25,R_3PyLkcLXZrDUyOI,,,,,,,,,,,,,,,,,,,,0,19,20,0,,0,,0,,2,,,,,,,,,,,,No.
237,11/18/19 21:25,R_b4sPuLmF0dqdN29,0,19,20,0,0,0,3,,,,,,,,,,,,,,,,,,,,,,,,,,,,,,,,,,No
842,11/18/19 21:26,R_2U9oWcgM1hDxXFa,,,,,,,,,,,,,,,,,,,,,,,,,,,,,,,1,0,20,0,,1,,0,,3,"Yes, the article claims that the oil won't hurt the fish, but then it goes on to say that it WILL hurt the fish, if too much is used. That's different than saying it won't hurt the fish at all."
485,11/18/19 21:27,R_3NwjglWkjBOQ6By,,,,,,,,,,,,,,,,,,,,,,,,,,,,,,,19,19,20,3,,1,,1,,1,NONE
960,11/18/19 21:28,R_241vdLP8TK9pv8w,,,,,,,,,,,,,,,,,,,,,,,,,,,,,,,0,0,20,0,,0,,0,,3,"No, there wasn't anything confusing or unclear about the survey."
1625,11/18/19 21:28,R_2sdxEDYIZerizTV,,,,,,,,,0,19,20,0,,0,,0,,3,,,,,,,,,,,,,,,,,,,,,,,no
163,11/18/19 21:29,R_Dq73S1u4oIuRhmh,,,,,,,,,,,,,,,,,,,,19,0,20,0,,1,,0,,2,,,,,,,,,,,,No
434,11/18/19 21:29,R_d53s4I9XsoxSbuh,,,,,,,,,,,,,,,,,,,,,,,,,,,,,,,0,0,20,0,,0,,1,,3,no
404,11/18/19 21:29,R_d4Q5D4eYD0lOYox,,,,,,,,,0,19,20,0,,0,,0,,3,,,,,,,,,,,,,,,,,,,,,,,no
1178,11/18/19 21:33,R_qEDQWzwUGAaP3SV,,,,,,,,,,,,,,,,,,,,,,,,,,,,,,,20,1,20,0,,0,,0,,2,No 
156,11/18/19 21:35,R_1jJxPA7vAARS4Al,,,,,,,,,0,19,20,0,,0,,0,,3,,,,,,,,,,,,,,,,,,,,,,,No
412,11/18/19 21:35,R_117598WsYuavmGO,,,,,,,,,,,,,,,,,,,,,,,,,,,,,,,0,0,20,0,,1,,0,,3,None.
313,11/18/19 21:35,R_25HDqgWOd1PYNdz,0,3,20,0,0,0,3,,,,,,,,,,,,,,,,,,,,,,,,,,,,,,,,,,Not really
227,11/18/19 21:36,R_8BQjzqG4IysvGdb,,,,,,,,,1,19,20,0,,0,,0,,3,,,,,,,,,,,,,,,,,,,,,,,no
1254,11/18/19 21:37,R_31N8Elp6lkeyjKy,,,,,,,,,0,119,20,0,,1,,0,,3,,,,,,,,,,,,,,,,,,,,,,,No
366,11/18/19 21:38,R_2eaLnvpskHwtJhk,0,19,20,0,1,1,3,,,,,,,,,,,,,,,,,,,,,,,,,,,,,,,,,,No
381,11/18/19 21:38,R_3s7IZuvZMpi80Xk,,,,,,,,,,,,,,,,,,,,0,1,20,0,,0,,0,,3,,,,,,,,,,,,no.
182,11/18/19 21:44,R_veLP3P2aaEuCxfb,,,,,,,,,,,,,,,,,,,,0,0,20,0,,1,,0,,3,,,,,,,,,,,,No
371,11/18/19 21:46,R_3dWEbYXlbFupFU9,,,,,,,,,,,,,,,,,,,,,,,,,,,,,,,0,0,20,1,,1,,0,,3,no
125,11/18/19 21:47,R_2zI23wzarzBiVok,,,,,,,,,,,,,,,,,,,,0,0,20,0,,0,,0,,3,,,,,,,,,,,,
248,11/18/19 21:47,R_1LqvpEXwMhHVSSb,,,,,,,,,,,,,,,,,,,,,,,,,,,,,,,0,0,20,0,,0,,0,,3,taking what the people say at face value seems a little silly
371,11/18/19 21:48,R_1lowGOQx49Vm4lv,,,,,,,,,0,19,20,0,,0,,0,,3,,,,,,,,,,,,,,,,,,,,,,,no
475,11/18/19 21:48,R_22Kq6FRtzXEZM4A,,,,,,,,,,,,,,,,,,,,,,,,,,,,,,,1,0,20,0,,1,,0,,3,No
528,11/18/19 21:49,R_2zBDifHbMf0EzKi,0,19,20,0,0,0,3,,,,,,,,,,,,,,,,,,,,,,,,,,,,,,,,,,Everything was clear. 
231,11/18/19 21:49,R_27wLTcTkTgUkPeg,0,19,20,0,0,0,3,,,,,,,,,,,,,,,,,,,,,,,,,,,,,,,,,,no
148,11/18/19 21:50,R_32OXQXjbkWbidtc,,,,,,,,,,,,,,,,,,,,0,0,20,0,,1,,0,,3,,,,,,,,,,,,No
247,11/18/19 21:51,R_2OIkwVRFDBRJpBv,,,,,,,,,0,19,20,0,,0,,0,,3,,,,,,,,,,,,,,,,,,,,,,,no
232,11/18/19 21:57,R_C1aeK7xZBs6jbWx,,,,,,,,,0,19,20,0,,0,,0,,3,,,,,,,,,,,,,,,,,,,,,,,no
188,11/18/19 21:58,R_2QLH1CQTsfyOjdt,,,,,,,,,,,,,,,,,,,,19,0,20,0,,0,,0,,3,,,,,,,,,,,,no
448,11/18/19 22:01,R_2CDrBtXAhnCy7hU,0,19,20,7,1,0,3,,,,,,,,,,,,,,,,,,,,,,,,,,,,,,,,,,no
386,11/18/19 22:03,R_28Ig1DoX6mJE2nQ,,,,,,,,,1,19,20,0,,1,,0,,3,,,,,,,,,,,,,,,,,,,,,,,No
504,11/18/19 22:05,R_XsNfyRcAkMuWZTb,0,19,20,0,1,0,3,,,,,,,,,,,,,,,,,,,,,,,,,,,,,,,,,,No
653,11/18/19 22:05,R_ZK8KAZDeYCFahYl,,,,,,,,,,,,,,,,,,,,,,,,,,,,,,,0,1,19,1,,1,,0,,3,No
500,11/18/19 22:08,R_31sGl6sCwWFm10Y,,,,,,,,,,,,,,,,,,,,,,,,,,,,,,,1,0,20,0,,0,,0,,3,The questions were a little confusing
264,11/18/19 22:09,R_Xk5iGfInFLIsrxT,,,,,,,,,0,19,20,0,,0,,0,,3,,,,,,,,,,,,,,,,,,,,,,,no
343,11/18/19 22:15,R_1oEZcMVJY9EsEtx,0,19,20,0,0,0,3,,,,,,,,,,,,,,,,,,,,,,,,,,,,,,,,,,no
355,11/18/19 22:16,R_2YYgA1FjYLHVMS0,,,,,,,,,,,,,,,,,,,,,,,,,,,,,,,0,0,20,0,,1,,0,,3,no
824,11/18/19 22:18,R_C2nlGOQzjkSuw2R,,,,,,,,,,,,,,,,,,,,0,0,20,0,,0,,0,,3,,,,,,,,,,,,"unable or not sure if I could say ""unknown' about how many people will use the oil, but its not really zero cause future unknown and tourists and fisherman maybe lying"
297,11/18/19 22:20,R_ZI6ApZd6XwHgwkp,20,3,20,0,0,0,2,,,,,,,,,,,,,,,,,,,,,,,,,,,,,,,,,,no
198,11/18/19 22:22,R_ukPicbLFDSRzxO9,,,,,,,,,,,,,,,,,,,,0,0,20,0,,0,,0,,3,,,,,,,,,,,,no
547,11/18/19 22:23,R_3lVWM5FCewuSRAf,,,,,,,,,,,,,,,,,,,,,,,,,,,,,,,0,0,20,0,,1,,0,,3,none
249,11/18/19 22:23,R_3KvAZLfLh6LgqYt,,,,,,,,,,,,,,,,,,,,0,10,20,5,,1,,0,,3,,,,,,,,,,,,no
312,11/18/19 22:25,R_diOC8X4YlVNAs7L,0,19,20,0,1,0,2,,,,,,,,,,,,,,,,,,,,,,,,,,,,,,,,,,no
363,11/18/19 22:25,R_2sRNjl161pswRoi,,,,,,,,,1,19,20,0,,0,,0,,3,,,,,,,,,,,,,,,,,,,,,,,NO
447,11/18/19 22:28,R_V1OYp4F0V069tPX,,,,,,,,,0,18,20,0,,0,,0,,3,,,,,,,,,,,,,,,,,,,,,,,No
434,11/18/19 22:29,R_2rTuYnU0qJPXGFX,,,,,,,,,,,,,,,,,,,,,,,,,,,,,,,19,0,20,0,,1,,0,,3,no
354,11/18/19 22:33,R_3Kqn9q3ol5FqPVo,0,19,1,0,1,0,3,,,,,,,,,,,,,,,,,,,,,,,,,,,,,,,,,,None so far
459,11/18/19 22:33,R_2YzGndl1YRYIelN,,,,,,,,,,,,,,,,,,,,19,0,20,0,,1,,0,,3,,,,,,,,,,,,No
215,11/18/19 22:34,R_2sdJfZkug0q0Wyk,1,19,20,0,1,0,3,,,,,,,,,,,,,,,,,,,,,,,,,,,,,,,,,,No
311,11/18/19 22:35,R_3JgYDU0VWhQrVQR,,,,,,,,,,,,,,,,,,,,,,,,,,,,,,,18,0,19,0,,1,,1,,2,No
166,11/18/19 22:36,R_1DUwp5lHrptuNjv,,,,,,,,,0,19,20,0,,0,,0,,3,,,,,,,,,,,,,,,,,,,,,,,NO
719,11/18/19 22:37,R_ZrhEhtrDJe0k145,,,,,,,,,0,19,20,0,,0,,0,,3,,,,,,,,,,,,,,,,,,,,,,,"It was clear,  just moral decision"
509,11/18/19 22:42,R_OB5RW9tQrYwYE5H,,,,,,,,,,,,,,,,,,,,,,,,,,,,,,,0,0,19,0,,0,,0,,3,I was a bit unclear if John wanted to use the new oil or if he didn't. I know everyone else refused but I don't know John's position.
400,11/18/19 22:43,R_2Xd6f2GiVqdQhi0,1,19,20,0,0,0,3,,,,,,,,,,,,,,,,,,,,,,,,,,,,,,,,,,not especially
347,11/18/19 22:44,R_2eXvHj2BcXnZ6Xg,,,,,,,,,,,,,,,,,,,,0,0,20,0,,0,,0,,2,,,,,,,,,,,,"No, it was concise and the questions were clear."
184,11/18/19 22:48,R_2D8ozbmowVcvoKU,,,,,,,,,,,,,,,,,,,,0,0,20,0,,0,,0,,3,,,,,,,,,,,,No
344,11/18/19 22:49,R_2VrpLoxfu8bQpWu,0,19,20,0,0,0,3,,,,,,,,,,,,,,,,,,,,,,,,,,,,,,,,,,
230,11/18/19 22:49,R_2E6JKIcfFINpf9n,,,,,,,,,,,,,,,,,,,,,,,,,,,,,,,19,19,20,0,,1,,0,,3,
339,11/18/19 22:50,R_UnZQcwUx5PQzyq5,,,,,,,,,19,3,20,7,,1,,0,,1,,,,,,,,,,,,,,,,,,,,,,,No
383,11/18/19 22:53,R_ewBouKCpxUBfKW5,,,,,,,,,,,,,,,,,,,,19,0,20,0,,0,,0,,3,,,,,,,,,,,,Everything was clear
229,11/18/19 22:53,R_3I45JJAyZic5rWi,,,,,,,,,0,19,20,0,,0,,0,,3,,,,,,,,,,,,,,,,,,,,,,,No
261,11/18/19 22:55,R_2WNXL8jZqYfkUJx,,,,,,,,,0,19,20,0,,0,,0,,3,,,,,,,,,,,,,,,,,,,,,,,No
349,11/18/19 22:56,R_3irHxcFB9hRPbT2,,,,,,,,,,,,,,,,,,,,,,,,,,,,,,,0,0,20,0,,1,,0,,3,No 
411,11/18/19 22:56,R_2tygfx6muZRM1yp,,,,,,,,,,,,,,,,,,,,,,,,,,,,,,,0,0,20,0,,0,,0,,3,
213,11/18/19 22:56,R_24OiiUBy7zXsO3C,,,,,,,,,,,,,,,,,,,,0,0,20,0,,0,,0,,3,,,,,,,,,,,,No
251,11/18/19 22:57,R_3qqaMyIVd1nt85o,,,,,,,,,0,19,20,0,,0,,0,,3,,,,,,,,,,,,,,,,,,,,,,,no
344,11/18/19 22:57,R_1DNh7uSEIlJaSzp,1900,19,20,0,0,0,2,,,,,,,,,,,,,,,,,,,,,,,,,,,,,,,,,,no
444,11/18/19 22:58,R_21cZuABgdEY3q8Z,,,,,,,,,,,,,,,,,,,,0,0,20,0,,0,,0,,3,,,,,,,,,,,,Somewhat unclear if the fish will die.
337,11/18/19 22:59,R_1OGEhBZr3Lh5VNg,0,19,20,0,1,0,3,,,,,,,,,,,,,,,,,,,,,,,,,,,,,,,,,,No
373,11/18/19 23:00,R_Cdad28Xo7DvPisp,,,,,,,,,,,,,,,,,,,,,,,,,,,,,,,0,0,20,0,,1,,0,,3,No
369,11/18/19 23:05,R_3J3eMiW6MIbhaYJ,,,,,,,,,,,,,,,,,,,,0,0,20,0,,1,,0,,3,,,,,,,,,,,,no
362,11/18/19 23:07,R_RmDCQbR3dBWhV17,,,,,,,,,,,,,,,,,,,,,,,,,,,,,,,21,0,20,0,,0,,0,,2,"Yes. Was I supposed to include Steve in the ""How many people knew about the new oil?"" question or not?"
184,11/18/19 23:10,R_2woyYq9PNqJU2y4,1,19,20,0,1,0,3,,,,,,,,,,,,,,,,,,,,,,,,,,,,,,,,,,No
548,11/18/19 23:12,R_TdUD0XDCr8KAzuh,,,,,,,,,20,19,20,0,,1,,0,,2,,,,,,,,,,,,,,,,,,,,,,,Yes. Everyone would be able to tell if John used the new oil because his boat is going to be moving faster than everyone else's. 
252,11/18/19 23:14,R_cMwxLpoi9TQPWil,,,,,,,,,,,,,,,,,,,,19,0,20,0,,1,,0,,3,,,,,,,,,,,,
196,11/18/19 23:26,R_24quYJke0Z937yr,0,19,20,0,0,0,2,,,,,,,,,,,,,,,,,,,,,,,,,,,,,,,,,,No
150,11/18/19 23:34,R_28IIxQuA52gaMv7,0,19,20,0,0,0,3,,,,,,,,,,,,,,,,,,,,,,,,,,,,,,,,,,No
565,11/18/19 23:40,R_24ilRReno3YUkU9,,,,,,,,,,,,,,,,,,,,,,,,,,,,,,,0,0,20,0,,1,,0,,3,"Yes, the story started with Steve but moved to John. It was unclear what Steves intention was"
566,11/18/19 23:43,R_XhApDM4JiLWLSy5,,,,,,,,,,,,,,,,,,,,2,0,20,0,,1,,0,,3,,,,,,,,,,,,no
226,11/19/19 0:01,R_1ozgAVcRNYohT9q,0,19,20,0,1,0,3,,,,,,,,,,,,,,,,,,,,,,,,,,,,,,,,,,No
441,11/19/19 0:02,R_29bqeXZw5O6TZKw,,,,,,,,,0,20,19,3,,0,,0,,2,,,,,,,,,,,,,,,,,,,,,,,no not at all
446,11/19/19 0:04,R_2s0YhT3RPPO9Le0,,,,,,,,,,,,,,,,,,,,,,,,,,,,,,,0,0,20,0,,1,,0,,3,no
428,11/19/19 0:06,R_afSgYCTN9p9gJRD,,,,,,,,,,,,,,,,,,,,,,,,,,,,,,,0,0,20,0,,1,,0,,3,
147,11/19/19 0:09,R_uzcbt5XLoh1C2FH,,,,,,,,,0,19,20,0,,0,,0,,2,,,,,,,,,,,,,,,,,,,,,,,
532,11/19/19 0:19,R_2TTTZ88mZFClKh0,,,,,,,,,,,,,,,,,,,,0,0,20,0,,1,,0,,2,,,,,,,,,,,,no
198,11/19/19 0:30,R_2qavmNZyprMqu8K,0,19,20,0,0,0,2,,,,,,,,,,,,,,,,,,,,,,,,,,,,,,,,,,no
284,11/19/19 0:31,R_2BgP8b9a5Dl1bxD,,,,,,,,,0,18,18,0,,1,,0,,3,,,,,,,,,,,,,,,,,,,,,,,Little confusing initially how many people were going to use the new motor oil in comparison to the ending where john asked who was using it. 
153,11/19/19 0:38,R_Td8y7KH3bFZLItP,,,,,,,,,,,,,,,,,,,,,,,,,,,,,,,19,0,20,0,,0,,0,,2,No
158,11/19/19 0:45,R_1NyIDHrFJaUETDc,,,,,,,,,0,0,20,0,,1,,0,,2,,,,,,,,,,,,,,,,,,,,,,,no
255,11/19/19 0:53,R_1IXUuDgqBbt7dW7,,,,,,,,,,,,,,,,,,,,,,,,,,,,,,,0,0,20,0,,0,,0,,3,no
306,11/19/19 0:57,R_28NVns0srKMe136,0,19,20,0,0,0,3,,,,,,,,,,,,,,,,,,,,,,,,,,,,,,,,,,yes..clicking i agree. and john could hurt the fish if others think the same thing
243,11/19/19 1:01,R_zUybBcAuSecBRtL,,,,,,,,,,,,,,,,,,,,,,,,,,,,,,,0,0,19,0,,0,,0,,3,Only that people would know he was using it by how much faster he would be going
310,11/19/19 1:02,R_3e4U8iRRVuiJbcJ,,,,,,,,,,,,,,,,,,,,19,0,20,0,,1,,0,,3,,,,,,,,,,,,No
284,11/19/19 1:07,R_RtzCYo8X1uhK0UN,,,,,,,,,0,19,19,1,,1,,0,,3,,,,,,,,,,,,,,,,,,,,,,,NO
402,11/19/19 1:11,R_1doR0IVxKENJTEw,,,,,,,,,,,,,,,,,,,,1,0,20,0,,1,,0,,3,,,,,,,,,,,,No
310,11/19/19 1:21,R_vfCkrW0I0BkWAcp,20,19,20,3,0,0,2,,,,,,,,,,,,,,,,,,,,,,,,,,,,,,,,,,No
188,11/19/19 1:30,R_3nxzvW5Wy0ytdHm,0,19,20,0,1,0,3,,,,,,,,,,,,,,,,,,,,,,,,,,,,,,,,,,no
196,11/19/19 1:33,R_22XKRno0IFXf5Ks,,,,,,,,,0,19,20,0,,0,,0,,2,,,,,,,,,,,,,,,,,,,,,,,No
363,11/19/19 1:46,R_1EdoJuxzPzg6Urg,,,,,,,,,,,,,,,,,,,,,,,,,,,,,,,20,0,20,0,,0,,0,,3,No.
149,11/19/19 1:46,R_1KiDtSHPjRoWly0,,,,,,,,,,,,,,,,,,,,,,,,,,,,,,,19,0,20,0,,1,,0,,3,no
305,11/19/19 1:48,R_1i2PzaBk9e6VyVn,,,,,,,,,0,19,20,0,,1,,0,,3,,,,,,,,,,,,,,,,,,,,,,,No.
309,11/19/19 1:56,R_2dYlmNKxwk6sbmP,1,19,20,0,0,0,3,,,,,,,,,,,,,,,,,,,,,,,,,,,,,,,,,,No
472,11/19/19 1:57,R_bqoVaLq7oY2LZw5,,,,,,,,,,,,,,,,,,,,0,19,20,6,,0,,0,,2,,,,,,,,,,,,No
192,11/19/19 2:05,R_BE6oQgsZzjnUO09,,,,,,,,,0,19,20,0,,0,,0,,3,,,,,,,,,,,,,,,,,,,,,,,no
894,11/19/19 2:17,R_eRKvYRJ2vvCNDt7,19,9,20,2,0,0,2,,,,,,,,,,,,,,,,,,,,,,,,,,,,,,,,,,No
528,11/19/19 2:26,R_3fwRdmdJwzWofO9,,,,,,,,,,,,,,,,,,,,0,0,20,0,,1,,0,,3,,,,,,,,,,,,"no,everything was crystal clear"
251,11/19/19 2:40,R_3ejWw8DTYDmWuJg,,,,,,,,,,,,,,,,,,,,,,,,,,,,,,,0,0,20,0,,0,,0,,3,no
465,11/19/19 2:41,R_7UNX2uxOoyZsdqN,,,,,,,,,,,,,,,,,,,,,,,,,,,,,,,18,0,20,19,,1,,1,,3,Yes
244,11/19/19 2:52,R_2y3MKs2GSYfSc5x,,,,,,,,,,,,,,,,,,,,0,0,20,0,,0,,0,,3,,,,,,,,,,,,No
438,11/19/19 2:55,R_74Bj4I7w8SuG6Ln,0,19,20,0,1,0,3,,,,,,,,,,,,,,,,,,,,,,,,,,,,,,,,,,No.
393,11/19/19 2:55,R_3GexRmgawzoJ2gU,,,,,,,,,0,19,20,7,,1,,1,,2,,,,,,,,,,,,,,,,,,,,,,,no
358,11/19/19 2:56,R_2SklSr9qTgfPgxT,0,19,20,0,0,0,3,,,,,,,,,,,,,,,,,,,,,,,,,,,,,,,,,,"No, just dumb.  Motor oil does not make boats run faster. "
208,11/19/19 3:01,R_3LjOgFtmXAl9Xfz,,,,,,,,,,,,,,,,,,,,,,,,,,,,,,,0,0,20,0,,0,,0,,3,no
480,11/19/19 3:02,R_1itg28DpqOGETqk,,,,,,,,,,,,,,,,,,,,0,0,20,0,,1,,0,,3,,,,,,,,,,,,no quite clear
244,11/19/19 3:11,R_UL3F2EZT4STZ9cd,,,,,,,,,0,19,20,0,,1,,0,,3,,,,,,,,,,,,,,,,,,,,,,,no
304,11/19/19 3:19,R_2EAb9Q3ABbUkBIK,,,,,,,,,,,,,,,,,,,,0,0,20,0,,1,,0,,3,,,,,,,,,,,,
309,11/19/19 3:20,R_2dYnTu6Tl1HAGPG,,,,,,,,,,,,,,,,,,,,,,,,,,,,,,,0,0,20,0,,1,,0,,2,No
92,11/19/19 3:23,R_2645TSvX2c2z7ci,0,19,20,0,1,0,3,,,,,,,,,,,,,,,,,,,,,,,,,,,,,,,,,,no
340,11/19/19 3:29,R_3MJUL5SDH1pbmsS,,,,,,,,,,,,,,,,,,,,1,0,20,0,,1,,0,,3,,,,,,,,,,,,Not at all
276,11/19/19 3:32,R_24MYRTzXc2T7jVR,0,19,20,0,0,0,3,,,,,,,,,,,,,,,,,,,,,,,,,,,,,,,,,,No
294,11/19/19 3:35,R_qWzn7PKiLde9M3L,,,,,,,,,0,19,20,0,,1,,0,,3,,,,,,,,,,,,,,,,,,,,,,,No
423,11/19/19 3:42,R_3dQ6ytWwHakiuWb,,,,,,,,,,,,,,,,,,,,,,,,,,,,,,,0,0,20,0,,0,,0,,3,No
190,11/19/19 3:46,R_D5Gi6iv8MfaNkIN,,,,,,,,,,,,,,,,,,,,0,0,20,0,,0,,0,,3,,,,,,,,,,,,No it was clear.
238,11/19/19 3:48,R_3FLMoWFhivMCje6,,,,,,,,,,,,,,,,,,,,,,,,,,,,,,,1,1,20,1,,1,,0,,3,Not to me
217,11/19/19 3:49,R_w4y0X6qI0T1cNEt,,,,,,,,,0,19,20,0,,1,,0,,3,,,,,,,,,,,,,,,,,,,,,,,No
424,11/19/19 3:54,R_27DxAEcagczeU8H,,,,,,,,,0,19,20,0,,1,,0,,3,,,,,,,,,,,,,,,,,,,,,,,no nothing seemed confusing
685,11/19/19 3:57,R_21cuzKdk4m02ljl,,,,,,,,,,,,,,,,,,,,3,7,20,7,,1,,0,,2,,,,,,,,,,,,none
231,11/19/19 3:58,R_1esDqY98DOGCVTt,0,19,20,1,0,0,2,,,,,,,,,,,,,,,,,,,,,,,,,,,,,,,,,,no
645,11/19/19 3:59,R_2AF2iSc1NKKECQx,,,,,,,,,,,,,,,,,,,,,,,,,,,,,,,0,0,20,0,,1,,0,,3,No
308,11/19/19 3:59,R_295NYTnXV7ztJIi,1,19,20,0,1,0,3,,,,,,,,,,,,,,,,,,,,,,,,,,,,,,,,,,The questions had some ambiguity. There was not a way to answer with a level of uncertainty.
333,11/19/19 4:02,R_1luiIUc11LvTgOy,,,,,,,,,,,,,,,,,,,,,,,,,,,,,,,2,0,20,0,,1,,0,,3,No.  Except I would have liked to explain my answers but was only allowed to reply with a number
346,11/19/19 4:09,R_3jYEBLNSPgL3d1w,,,,,,,,,0,19,20,0,,0,,0,,3,,,,,,,,,,,,,,,,,,,,,,,N/A
372,11/19/19 4:14,R_22YcGRrne91Wv3T,,,,,,,,,,,,,,,,,,,,0,0,20,0,,1,,0,,3,,,,,,,,,,,,The information was clear
359,11/19/19 4:18,R_yVAzdfF2Q56iSul,,,,,,,,,0,19,20,0,,0,,0,,3,,,,,,,,,,,,,,,,,,,,,,,no
249,11/19/19 4:18,R_2YPq308YNKGXkuJ,,,,,,,,,,,,,,,,,,,,0,0,20,0,,1,,0,,3,,,,,,,,,,,,No
173,11/19/19 4:19,R_3oR3aW7awGT8lsu,0,20,20,0,0,0,3,,,,,,,,,,,,,,,,,,,,,,,,,,,,,,,,,,no
567,11/19/19 4:20,R_3fuUXZhsP7bcLwA,,,,,,,,,,,,,,,,,,,,,,,,,,,,,,,0,0,20,0,,1,,0,,3,nothing
190,11/19/19 4:29,R_2VI9NXJTOs5hdqo,,,,,,,,,,,,,,,,,,,,,,,,,,,,,,,0,0,20,0,,1,,0,,3,no
168,11/19/19 4:32,R_1l0NkdIBmpx9mbd,,,,,,,,,0,19,20,1,,0,,0,,2,,,,,,,,,,,,,,,,,,,,,,,no
266,11/19/19 4:34,R_b7apLVt68OJqH3X,,,,,,,,,,,,,,,,,,,,0,0,20,0,,1,,0,,3,,,,,,,,,,,,nothing
191,11/19/19 4:38,R_2V9Dv3kpHacouv7,,,,,,,,,,,,,,,,,,,,,,,,,,,,,,,0,0,20,0,,0,,0,,3,No
370,11/19/19 4:38,R_511T1MPzDNiCel3,0,19,20,0,0,0,3,,,,,,,,,,,,,,,,,,,,,,,,,,,,,,,,,,no
177,11/19/19 4:38,R_2cnkszBXwuJebfA,,,,,,,,,0,19,20,0,,1,,0,,2,,,,,,,,,,,,,,,,,,,,,,,no
165,11/19/19 4:44,R_XXSPR9eEACx0SC5,0,9,20,9,0,0,3,,,,,,,,,,,,,,,,,,,,,,,,,,,,,,,,,,no
282,11/19/19 4:47,R_2Pjvwr8weyeZivw,,,,,,,,,,,,,,,,,,,,,,,,,,,,,,,0,19,20,0,,1,,0,,2,No
233,11/19/19 4:49,R_1mynvxE3jrA24ai,,,,,,,,,0,18,20,0,,0,,0,,3,,,,,,,,,,,,,,,,,,,,,,,no
334,11/19/19 4:50,R_1ONZscVUU1pTMPL,0,19,20,0,0,0,2,,,,,,,,,,,,,,,,,,,,,,,,,,,,,,,,,,No.
256,11/19/19 4:52,R_1GNVk2tIfTvkeHm,,,,,,,,,,,,,,,,,,,,1,0,20,0,,1,,0,,2,,,,,,,,,,,,no
341,11/19/19 4:55,R_3HojuOQOzaK9DXs,,,,,,,,,,,,,,,,,,,,0,0,20,0,,1,,0,,3,,,,,,,,,,,,no
213,11/19/19 5:01,R_3HGG0RlBXE0M027,,,,,,,,,1,19,20,0,,0,,0,,2,,,,,,,,,,,,,,,,,,,,,,,no
267,11/19/19 5:05,R_elpjVWVbfnh7mV3,,,,,,,,,0,19,20,0,,0,,0,,3,,,,,,,,,,,,,,,,,,,,,,,no
258,11/19/19 5:06,R_agvwwEmnyCi2XK1,1,19,20,0,1,0,3,,,,,,,,,,,,,,,,,,,,,,,,,,,,,,,,,,"The question about how many people will use is unclear. Technically 1, John but I think you were looking for 0 as that answer"
611,11/19/19 5:09,R_3HtvCfqBgkbgrtl,,,,,,,,,,,,,,,,,,,,,,,,,,,,,,,0,0,20,0,,1,,0,,3,"I'm not sure about confusing exactly, but something about the story made me lose confidence in my answers and caused me to second-guess myself a lot. "
243,11/19/19 5:10,R_2cqFWbFQSTn65c4,,,,,,,,,,,,,,,,,,,,,,,,,,,,,,,0,0,20,0,,1,,0,,3,No
165,11/19/19 5:11,R_3e9sZby8jyLWzUR,,,,,,,,,,,,,,,,,,,,0,0,20,0,,0,,0,,3,,,,,,,,,,,,No there was not.
280,11/19/19 5:17,R_3j7h3EJvmCdICl6,,,,,,,,,,,,,,,,,,,,,,,,,,,,,,,0,0,20,0,,0,,0,,3,nope
249,11/19/19 5:17,R_1n0XbVuoQAUkCML,0,19,20,0,0,0,3,,,,,,,,,,,,,,,,,,,,,,,,,,,,,,,,,,No
203,11/19/19 5:18,R_s5aFLqqBqSe1PTH,,,,,,,,,0,19,20,0,,0,,0,,3,,,,,,,,,,,,,,,,,,,,,,,no
154,11/19/19 5:18,R_URO0zvjlWh5bNYZ,0,0,20,0,0,0,3,,,,,,,,,,,,,,,,,,,,,,,,,,,,,,,,,,No
390,11/19/19 5:21,R_3ObAkb2CxaJpmsV,,,,,,,,,0,19,20,0,,0,,0,,3,,,,,,,,,,,,,,,,,,,,,,,No
210,11/19/19 5:22,R_2TABKZz3ptnqoCo,,,,,,,,,,,,,,,,,,,,,,,,,,,,,,,19,3,20,7,,1,,1,,2,It was difficult to find the answers in the text.
301,11/19/19 5:22,R_1pFGnKiKaRK8HZn,,,,,,,,,,,,,,,,,,,,,,,,,,,,,,,0,0,20,0,,0,,0,,3,"no, it was clear"
204,11/19/19 5:22,R_1d3NpP8fT3U315s,,,,,,,,,0,19,20,0,,1,,0,,3,,,,,,,,,,,,,,,,,,,,,,,no
378,11/19/19 5:24,R_UziUcegI1KuMcCt,,,,,,,,,,,,,,,,,,,,0,0,20,0,,1,,0,,3,,,,,,,,,,,,No
139,11/19/19 5:25,R_eLGTYma1cPdZrRn,,,,,,,,,,,,,,,,,,,,0,0,20,0,,1,,0,,3,,,,,,,,,,,,No
375,11/19/19 5:25,R_2rZQ3CuCUQ569s1,0,20,20,0,0,0,3,,,,,,,,,,,,,,,,,,,,,,,,,,,,,,,,,,NO
240,11/19/19 5:25,R_vdX5uodqqJAiCtP,,,,,,,,,,,,,,,,,,,,0,0,20,0,,0,,0,,2,,,,,,,,,,,,No
233,11/19/19 5:27,R_273wpn9OHcdcL34,,,,,,,,,0,19,20,0,,0,,0,,3,,,,,,,,,,,,,,,,,,,,,,,
502,11/19/19 5:28,R_DHw73ILsnZEFPlD,19,19,20,0,1,0,3,,,,,,,,,,,,,,,,,,,,,,,,,,,,,,,,,,no
559,11/19/19 5:30,R_2tzlSRgLKGVUUZS,,,,,,,,,1,19,20,0,,0,,0,,3,,,,,,,,,,,,,,,,,,,,,,,"A little-technically 2 people would know John purchased it-John and the boat store owner.  If its really a small town, then they know each other."
241,11/19/19 5:34,R_12KXFbKNS4PCv1O,,,,,,,,,,,,,,,,,,,,0,0,20,0,,1,,0,,3,,,,,,,,,,,,no
567,11/19/19 5:34,R_3PucUZm2FnRaaPD,0,19,20,0,0,0,3,,,,,,,,,,,,,,,,,,,,,,,,,,,,,,,,,,No. Nothing was unclear or confusing.
404,11/19/19 5:34,R_pLQLUpJEZYCIL3H,,,,,,,,,,,,,,,,,,,,,,,,,,,,,,,0,0,20,0,,0,,0,,2,no
365,11/19/19 5:35,R_QaiKYfUFnR08Hyp,,,,,,,,,19,19,20,0,,0,,0,,3,,,,,,,,,,,,,,,,,,,,,,,No
219,11/19/19 5:36,R_RRKDjDKDobFg9NL,0,19,20,0,0,0,3,,,,,,,,,,,,,,,,,,,,,,,,,,,,,,,,,,Nope!
400,11/19/19 5:36,R_128WMk6n6577wJZ,0,19,20,19,1,0,3,,,,,,,,,,,,,,,,,,,,,,,,,,,,,,,,,,No
263,11/19/19 5:37,R_2BepJY0wzJqkZtW,,,,,,,,,,,,,,,,,,,,0,0,20,0,,0,,0,,3,,,,,,,,,,,,No
336,11/19/19 5:37,R_3nkqbuguKhSLXnX,,,,,,,,,,,,,,,,,,,,,,,,,,,,,,,0,0,20,0,,1,,0,,3,no
389,11/19/19 5:38,R_3Rw3ufVKkVW0n1W,,,,,,,,,18,18,19,0,,0,,0,,3,,,,,,,,,,,,,,,,,,,,,,,I wanted to explain one of my answers; The question asked how many people would know if John used the oil; I answered that 18 would IF they honored their decision not to use the oil.  It would then be known that John was using the oil.
307,11/19/19 5:38,R_2Xhaa3ODUHICX2r,,,,,,,,,0,19,20,0,,0,,0,,2,,,,,,,,,,,,,,,,,,,,,,,Some questions were worded like there was a definite answer even when there isn‚Äôt. 
399,11/19/19 5:39,R_1ovv88IyZQ2shV8,0,19,20,0,0,0,3,,,,,,,,,,,,,,,,,,,,,,,,,,,,,,,,,,No
794,11/19/19 5:39,R_2Xp2w0urTU8OGR9,,,,,,,,,,,,,,,,,,,,,,,,,,,,,,,0,0,20,0,,0,,0,,3,No. 
1643,11/19/19 5:39,R_Q4J94A48DBzh6XT,,,,,,,,,,,,,,,,,,,,0,0,20,0,,0,,0,,3,,,,,,,,,,,,no
181,11/19/19 5:42,R_ByvVqceHyrJeYed,0,19,20,0,0,0,3,,,,,,,,,,,,,,,,,,,,,,,,,,,,,,,,,,No
1255,11/19/19 5:42,R_27Klh9A3TbywDq0,,,,,,,,,,,,,,,,,,,,,,,,,,,,,,,0,0,19,0,,0,,0,,3,No
204,11/19/19 5:42,R_3nPmgefvkGyCYDc,,,,,,,,,,,,,,,,,,,,,,,,,,,,,,,0,0,19,0,,0,,0,,3,"no, it was fine"
275,11/19/19 5:46,R_e4IDD0apO8a0pCF,,,,,,,,,19,19,20,1,,0,,0,,2,,,,,,,,,,,,,,,,,,,,,,,Thank you.
254,11/19/19 5:47,R_PRSkuBcc6EnnHHj,,,,,,,,,,,,,,,,,,,,,,,,,,,,,,,1,0,20,0,,1,,0,,3,no
141,11/19/19 5:50,R_3NJ52iLUf8x7j5p,,,,,,,,,,,,,,,,,,,,0,0,20,0,,0,,0,,2,,,,,,,,,,,,No
396,11/19/19 5:51,R_2cemhLzuNtZKTeZ,,,,,,,,,0,19,19,0,,0,,0,,3,,,,,,,,,,,,,,,,,,,,,,,no
314,11/19/19 5:51,R_1kY6KMm44hIbRrW,,,,,,,,,,,,,,,,,,,,0,0,20,0,,1,,0,,3,,,,,,,,,,,,No
520,11/19/19 5:51,R_3ffVpp8sBXuUXK2,,,,,,,,,,,,,,,,,,,,,,,,,,,,,,,20,0,20,0,,1,,0,,3,no
211,11/19/19 5:51,R_3lSOc9BcSs6unka,0,19,20,0,0,0,3,,,,,,,,,,,,,,,,,,,,,,,,,,,,,,,,,,No
196,11/19/19 5:52,R_20UPSrFxSLZUzHl,,,,,,,,,,,,,,,,,,,,,,,,,,,,,,,0,0,20,0,,1,,0,,3,No-- everything was clear and easy to understand.
183,11/19/19 5:53,R_2A1pr4QS5YBiubS,,,,,,,,,0,19,20,0,,1,,0,,3,,,,,,,,,,,,,,,,,,,,,,,Every thing was clear about this survey.
508,11/19/19 5:53,R_1ISLx4NBzzMhOZ2,0,20,20,0,1,0,3,,,,,,,,,,,,,,,,,,,,,,,,,,,,,,,,,,No
300,11/19/19 5:53,R_2xYwfr0HxEXh5hF,,,,,,,,,7,0,20,18,,0,,0,,2,,,,,,,,,,,,,,,,,,,,,,,None
119,11/19/19 5:54,R_2TmBYqPaCwwDn5v,,,,,,,,,,,,,,,,,,,,,,,,,,,,,,,20,20,20,20,,1,,1,,2,NOT
711,11/19/19 5:54,R_BSck7DhzKbIEJTX,19,19,20,19,0,0,3,,,,,,,,,,,,,,,,,,,,,,,,,,,,,,,,,,none
146,11/19/19 5:54,R_2axlDD07hL9XWY1,,,,,,,,,,,,,,,,,,,,,,,,,,,,,,,19,1,20,0,,0,,0,,2,No
204,11/19/19 5:55,R_R2YJJJniFtZmoWR,19,19,20,3,1,0,3,,,,,,,,,,,,,,,,,,,,,,,,,,,,,,,,,,LOTS OF DETAIL
142,11/19/19 5:55,R_3niusoki9SPT9fX,,,,,,,,,0,19,20,0,,0,,0,,3,,,,,,,,,,,,,,,,,,,,,,,No
317,11/19/19 5:56,R_1ghzwqRCYvTgV3h,0,19,20,0,0,0,3,,,,,,,,,,,,,,,,,,,,,,,,,,,,,,,,,,no
160,11/19/19 5:57,R_2sYiDonE2iuMKF5,1,0,20,0,1,0,3,,,,,,,,,,,,,,,,,,,,,,,,,,,,,,,,,,No
290,11/19/19 5:58,R_XHb6QiXyhGnqhLr,,,,,,,,,,,,,,,,,,,,0,0,20,0,,1,,0,,3,,,,,,,,,,,,nothing was confusing
409,11/19/19 5:58,R_1dfYMRgQQYkdJd9,,,,,,,,,,,,,,,,,,,,0,0,20,0,,0,,0,,3,,,,,,,,,,,,no
125,11/19/19 5:58,R_27g1EwnMwUqOcjn,,,,,,,,,,,,,,,,,,,,,,,,,,,,,,,19,0,20,0,,1,,0,,3,no
266,11/19/19 5:59,R_2ScLAnG8CdbyUIq,,,,,,,,,0,19,20,0,,0,,0,,3,,,,,,,,,,,,,,,,,,,,,,,No
137,11/19/19 5:59,R_2VNM7Fx2WAXrYPx,0,19,20,0,0,0,3,,,,,,,,,,,,,,,,,,,,,,,,,,,,,,,,,,no
215,11/19/19 5:59,R_2WPDDTCAtg01RjG,,,,,,,,,,,,,,,,,,,,0,0,20,0,,0,,0,,2,,,,,,,,,,,,No
202,11/19/19 5:59,R_3kzx32I4EXe8wAl,,,,,,,,,1,19,19,0,,0,,0,,2,,,,,,,,,,,,,,,,,,,,,,,not a thing
295,11/19/19 6:00,R_2wTDONxpc8zxRPH,,,,,,,,,,,,,,,,,,,,0,0,20,0,,1,,0,,3,,,,,,,,,,,,No
321,11/19/19 6:01,R_1pSiF3Ur4bnNr60,,,,,,,,,,,,,,,,,,,,,,,,,,,,,,,0,0,20,0,,1,,1,,3,"No. Also there was no rule against using the new oil. I clicked ""yes"" by mistake."
408,11/19/19 6:02,R_5uriIf8ar3okPOV,0,19,20,0,1,0,3,,,,,,,,,,,,,,,,,,,,,,,,,,,,,,,,,,
228,11/19/19 6:03,R_DqTSVVpwS92xy9P,,,,,,,,,0,19,20,0,,0,,0,,3,,,,,,,,,,,,,,,,,,,,,,,straightforward
268,11/19/19 6:03,R_1MSrfbxhtbCoMym,,,,,,,,,,,,,,,,,,,,,,,,,,,,,,,0,0,19,0,,0,,0,,3,not at all.
167,11/19/19 6:04,R_2Ser8zb2zt1Lfs3,,,,,,,,,0,19,20,0,,0,,0,,3,,,,,,,,,,,,,,,,,,,,,,,no
1737,11/19/19 6:05,R_BwVFwtzzf8sIjHb,,,,,,,,,0,3,20,7,,1,,0,,2,,,,,,,,,,,,,,,,,,,,,,,no
604,11/19/19 6:07,R_2EnmifBM2FgWuG7,,,,,,,,,,,,,,,,,,,,1,3,20,7,,0,,0,,2,,,,,,,,,,,,"a little confusing ,but ok overall"
136,11/19/19 6:09,R_1oulsAd8wSVic4l,19,19,20,0,0,0,3,,,,,,,,,,,,,,,,,,,,,,,,,,,,,,,,,,no
170,11/19/19 6:11,R_2WCr8GWo2Uvq8WR,,,,,,,,,,,,,,,,,,,,0,0,20,0,,0,,0,,2,,,,,,,,,,,,A coral reef in a lake?
504,11/19/19 6:11,R_3NE97AKLplbpPYF,,,,,,,,,,,,,,,,,,,,19,0,20,0,,1,,0,,3,,,,,,,,,,,,no
279,11/19/19 6:12,R_1CrzhgYjfI8Sadj,,,,,,,,,,,,,,,,,,,,,,,,,,,,,,,0,0,20,0,,1,,0,,3,
235,11/19/19 6:13,R_3Rm7glztVu37Ppm,0,19,20,0,0,0,3,,,,,,,,,,,,,,,,,,,,,,,,,,,,,,,,,,No
177,11/19/19 6:14,R_1IzLXRRvvvReLC3,0,19,20,0,1,0,3,,,,,,,,,,,,,,,,,,,,,,,,,,,,,,,,,,no
286,11/19/19 6:14,R_2pQpfhGSoKMb36K,,,,,,,,,18,18,19,0,,0,,0,,3,,,,,,,,,,,,,,,,,,,,,,,no
246,11/19/19 6:14,R_2ZUigxHtAPdRiAA,,,,,,,,,,,,,,,,,,,,,,,,,,,,,,,0,0,20,0,,0,,0,,3,No
324,11/19/19 6:15,R_1EgvW3A6N9KbCqy,,,,,,,,,0,19,19,0,,0,,0,,3,,,,,,,,,,,,,,,,,,,,,,,Nothing was confusing or unclear
169,11/19/19 6:15,R_126d5oo1lztjAu0,,,,,,,,,,,,,,,,,,,,0,0,20,0,,1,,0,,2,,,,,,,,,,,,
193,11/19/19 6:15,R_3nI82wWND3lSQ2s,,,,,,,,,,,,,,,,,,,,0,0,20,0,,1,,0,,3,,,,,,,,,,,,No
175,11/19/19 6:16,R_1DIpHu8ZBgFny3n,,,,,,,,,1,19,20,0,,0,,0,,3,,,,,,,,,,,,,,,,,,,,,,,No
161,11/19/19 6:16,R_3g1oNC3leVw2MVn,0,2,20,1,0,0,3,,,,,,,,,,,,,,,,,,,,,,,,,,,,,,,,,,no
233,11/19/19 6:17,R_3Ibrlfllx13ZqWg,,,,,,,,,,,,,,,,,,,,,,,,,,,,,,,0,0,20,0,,0,,0,,3,
380,11/19/19 6:18,R_1di6zhFk2IgA2ow,,,,,,,,,,,,,,,,,,,,20,0,20,0,,0,,0,,3,,,,,,,,,,,,"no, but the last question assumes John continues to be the only user of the new oil"
204,11/19/19 6:18,R_2QKfnXbb0XTLsDE,,,,,,,,,,,,,,,,,,,,,,,,,,,,,,,0,0,20,0,,0,,0,,3,No not at all.
169,11/19/19 6:19,R_1j7FtjMMqlbDYJt,,,,,,,,,0,19,20,0,,0,,0,,3,,,,,,,,,,,,,,,,,,,,,,,nothing
137,11/19/19 6:19,R_3jfltuiMeYvchy2,,,,,,,,,,,,,,,,,,,,,,,,,,,,,,,0,0,20,0,,1,,0,,3,No
261,11/19/19 6:20,R_T0M0ZyB2cPAmP1D,0,19,20,0,0,0,3,,,,,,,,,,,,,,,,,,,,,,,,,,,,,,,,,,No
169,11/19/19 6:20,R_3Hwuc1NuhbtXj7r,0,19,20,0,0,0,3,,,,,,,,,,,,,,,,,,,,,,,,,,,,,,,,,,no
290,11/19/19 6:21,R_1LbqaLp1b4WSLLq,,,,,,,,,,,,,,,,,,,,0,0,20,0,,0,,0,,2,,,,,,,,,,,,
345,11/19/19 6:21,R_32K28s1OzqUfqBY,,,,,,,,,,,,,,,,,,,,0,0,20,0,,0,,0,,3,,,,,,,,,,,,no
428,11/19/19 6:22,R_3oTU7UacwovDEJK,,,,,,,,,0,19,20,0,,0,,0,,3,,,,,,,,,,,,,,,,,,,,,,,no
179,11/19/19 6:23,R_3D2z5e5698aWDei,,,,,,,,,,,,,,,,,,,,0,0,20,0,,1,,0,,3,,,,,,,,,,,,no
242,11/19/19 6:23,R_2B3Eu0udqdE2Bmf,,,,,,,,,,,,,,,,,,,,,,,,,,,,,,,0,0,20,0,,1,,0,,3,No
240,11/19/19 6:23,R_SP3BiyIektN8Pux,20,19,20,0,1,0,3,,,,,,,,,,,,,,,,,,,,,,,,,,,,,,,,,,None
251,11/19/19 6:23,R_2dm3h42XzSRClRD,,,,,,,,,0,19,20,0,,0,,0,,3,,,,,,,,,,,,,,,,,,,,,,,no
155,11/19/19 6:24,R_YPLHcpbGsPvxXgd,0,19,20,0,0,0,3,,,,,,,,,,,,,,,,,,,,,,,,,,,,,,,,,,No
382,11/19/19 6:25,R_xxvtk8FKKfhHhrX,,,,,,,,,0,19,20,0,,0,,0,,3,,,,,,,,,,,,,,,,,,,,,,,no
182,11/19/19 6:25,R_1gSxywelvz1qNVS,,,,,,,,,0,19,20,0,,0,,0,,3,,,,,,,,,,,,,,,,,,,,,,,None
243,11/19/19 6:28,R_3ELok5fFeBZYcGb,,,,,,,,,,,,,,,,,,,,0,0,20,0,,1,,0,,3,,,,,,,,,,,,no
267,11/19/19 6:29,R_3PFRv9NHNbtPOZK,,,,,,,,,,,,,,,,,,,,,,,,,,,,,,,0,0,20,0,,0,,1,,3,No
278,11/19/19 6:29,R_ZKbR8EPaDJPajFD,,,,,,,,,,,,,,,,,,,,,,,,,,,,,,,0,0,20,0,,1,,0,,3,no
124,11/19/19 6:30,R_3kO4AAdYJefMjGd,0,20,20,0,1,0,3,,,,,,,,,,,,,,,,,,,,,,,,,,,,,,,,,,no
264,11/19/19 6:31,R_2dXhVYuDTF3o35L,0,19,20,0,0,0,3,,,,,,,,,,,,,,,,,,,,,,,,,,,,,,,,,,"No, nothing was confusing or unclear."
307,11/19/19 6:31,R_31Eg6Hallxc215s,,,,,,,,,,,,,,,,,,,,0,0,20,0,,1,,0,,3,,,,,,,,,,,,none
361,11/19/19 6:31,R_2eXLEY7qqDQMuUt,,,,,,,,,0,19,20,0,,1,,0,,3,,,,,,,,,,,,,,,,,,,,,,,no
160,11/19/19 6:31,R_vYx17C7mNHDTvyh,,,,,,,,,0,19,20,0,,1,,0,,2,,,,,,,,,,,,,,,,,,,,,,,Nothing
190,11/19/19 6:32,R_yKFb39cLUnqGHQJ,,,,,,,,,,,,,,,,,,,,,,,,,,,,,,,20,0,20,0,,1,,0,,3,no
276,11/19/19 6:32,R_AFdxxS8RijrEg8x,,,,,,,,,,,,,,,,,,,,0,0,20,0,,1,,0,,3,,,,,,,,,,,,No.
147,11/19/19 6:33,R_2qq6tKwJItMv34t,0,19,20,0,1,0,3,,,,,,,,,,,,,,,,,,,,,,,,,,,,,,,,,,No
268,11/19/19 6:33,R_2rinZjxWm4qsD3k,,,,,,,,,0,20,20,0,,0,,0,,3,,,,,,,,,,,,,,,,,,,,,,,No nothing was unclear
193,11/19/19 6:34,R_0ibP2alpknwJZ0R,,,,,,,,,,,,,,,,,,,,,,,,,,,,,,,0,0,20,0,,0,,0,,2,No
171,11/19/19 6:34,R_26gUDOvW69ifbwd,,,,,,,,,,,,,,,,,,,,0,0,20,0,,0,,0,,3,,,,,,,,,,,,What about a new engine?
241,11/19/19 6:34,R_3ne1UrHli1qnRaH,,,,,,,,,,,,,,,,,,,,19,0,20,0,,1,,0,,3,,,,,,,,,,,,None
204,11/19/19 6:34,R_2ZJraTOV1bnGJev,,,,,,,,,,,,,,,,,,,,0,0,20,0,,1,,0,,3,,,,,,,,,,,,none
326,11/19/19 6:35,R_qX83n8pzeC3jqlb,0,19,20,0,1,0,3,,,,,,,,,,,,,,,,,,,,,,,,,,,,,,,,,,No
351,11/19/19 6:35,R_31WzqcatcMochnn,,,,,,,,,0,19,20,0,,0,,0,,3,,,,,,,,,,,,,,,,,,,,,,,np
142,11/19/19 6:36,R_1Hifb7E66ooXazT,,,,,,,,,,,,,,,,,,,,0,0,20,0,,1,,0,,3,,,,,,,,,,,,n/a
237,11/19/19 6:36,R_OQfGy9OFzTIM3YJ,1,20,20,0,1,0,3,,,,,,,,,,,,,,,,,,,,,,,,,,,,,,,,,,no
241,11/19/19 6:36,R_3p5dB38AkIgogFY,0,19,20,0,0,0,3,,,,,,,,,,,,,,,,,,,,,,,,,,,,,,,,,,no
381,11/19/19 6:38,R_3nlyxBT5kvKOqFe,,,,,,,,,0,20,20,0,,0,,0,,3,,,,,,,,,,,,,,,,,,,,,,,no
271,11/19/19 6:39,R_se37bJVPhqiCV8t,,,,,,,,,0,0,20,0,,0,,0,,3,,,,,,,,,,,,,,,,,,,,,,,No
199,11/19/19 6:39,R_1gCm3RzEUooNyJn,,,,,,,,,,,,,,,,,,,,,,,,,,,,,,,2,2,20,1,,1,,0,,3,A little
216,11/19/19 6:40,R_1qU0OFeHLWyL4yK,0,20,20,0,1,0,3,,,,,,,,,,,,,,,,,,,,,,,,,,,,,,,,,,No
164,11/19/19 6:40,R_30wzjO7cOLh3G7U,0,19,20,0,0,0,3,,,,,,,,,,,,,,,,,,,,,,,,,,,,,,,,,,No
169,11/19/19 6:40,R_12xQIuYZ1FEpJ59,,,,,,,,,,,,,,,,,,,,19,20,20,30,,1,,0,,1,,,,,,,,,,,,claro
653,11/19/19 6:40,R_2TL7npWd0SYyG3v,,,,,,,,,,,,,,,,,,,,,,,,,,,,,,,0,3,20,0,,0,,0,,3,"It was more of a word problem than a short story; a reader has no idea of the level of integrity of the fisherman who Steve has spoken with, therefore, it is entirely possible that the fish population will be endangered."
208,11/19/19 6:40,R_2uw8g4EXpCrbJVv,,,,,,,,,,,,,,,,,,,,19,27,20,3,,1,,0,,2,,,,,,,,,,,,it was clear
201,11/19/19 6:41,R_3JbgVBc88JJ7SSB,0,19,20,0,0,0,3,,,,,,,,,,,,,,,,,,,,,,,,,,,,,,,,,,no
172,11/19/19 6:41,R_2OP7vC9lDZYabAC,,,,,,,,,0,19,20,0,,0,,0,,2,,,,,,,,,,,,,,,,,,,,,,,no
283,11/19/19 6:41,R_plRiyyF2MPCZKr7,,,,,,,,,0,19,20,0,,0,,0,,3,,,,,,,,,,,,,,,,,,,,,,,nothing. All was clear.
349,11/19/19 6:41,R_1E3QTP9O2aOYxbO,,,,,,,,,,,,,,,,,,,,,,,,,,,,,,,19,1,20,1,,0,,0,,3,The answer about how many people will know John is using the oil is trickery. At first no one will know but all will know eventually once they see how fast he's moving on the lake
227,11/19/19 6:41,R_yRaKnAtjS630BXj,,,,,,,,,,,,,,,,,,,,,,,,,,,,,,,0,19,20,0,,0,,0,,2,
165,11/19/19 6:42,R_210SuilWUXbeL9m,,,,,,,,,0,19,20,0,,0,,0,,3,,,,,,,,,,,,,,,,,,,,,,,No
235,11/19/19 6:42,R_2Slwedftk0edaNA,,,,,,,,,,,,,,,,,,,,0,0,20,0,,1,,0,,3,,,,,,,,,,,,no
366,11/19/19 6:42,R_1FnxMA55lKROuQN,,,,,,,,,,,,,,,,,,,,0,0,20,0,,1,,0,,3,,,,,,,,,,,,None
382,11/19/19 6:42,R_scekL9CwNLM2XSh,,,,,,,,,,,,,,,,,,,,,,,,,,,,,,,19,0,20,0,,1,,0,,3,none
394,11/19/19 6:42,R_1mDfpRVZkJwhkwl,0,19,20,0,0,0,3,,,,,,,,,,,,,,,,,,,,,,,,,,,,,,,,,,no
226,11/19/19 6:42,R_2Rb0rAQyNCy42kl,0,19,20,19,0,0,3,,,,,,,,,,,,,,,,,,,,,,,,,,,,,,,,,,You need to pay attention to understand the story.
210,11/19/19 6:43,R_1LuLermOrAltdi3,,,,,,,,,,,,,,,,,,,,,,,,,,,,,,,0,0,20,0,,0,,0,,2,no
267,11/19/19 6:43,R_emNVmOgZstRSk6t,,,,,,,,,,,,,,,,,,,,19,3,20,7,,1,,1,,1,,,,,,,,,,,,none
313,11/19/19 6:43,R_1FsnoBsaMa6WZsD,,,,,,,,,19,19,20,0,,1,,0,,3,,,,,,,,,,,,,,,,,,,,,,,no
309,11/19/19 6:44,R_21vz843NHvzTn2M,,,,,,,,,,,,,,,,,,,,,,,,,,,,,,,0,0,20,0,,1,,0,,3,"Only the question about who knew John was using the motor oil . . . the story said no one would be able to tell who was using it and who wasn't, but it never specifically addressed if John told anyone he wanted to use it"
176,11/19/19 6:44,R_2TY8VpFLTMyjcNi,1,19,20,0,1,0,3,,,,,,,,,,,,,,,,,,,,,,,,,,,,,,,,,,no
223,11/19/19 6:44,R_2s52NxpzPM7nzyg,,,,,,,,,,,,,,,,,,,,,,,,,,,,,,,0,0,20,0,,0,,0,,3,no
139,11/19/19 6:45,R_2zvkq1aWOKHt7xS,0,20,20,0,0,0,3,,,,,,,,,,,,,,,,,,,,,,,,,,,,,,,,,,Nothing thank you
273,11/19/19 6:45,R_YSJWD7Nbs6afHfH,,,,,,,,,,,,,,,,,,,,0,0,20,0,,1,,0,,3,,,,,,,,,,,,no
548,11/19/19 6:46,R_1C9o2vfAD2BcbeP,,,,,,,,,0,20,20,7,,1,,0,,3,,,,,,,,,,,,,,,,,,,,,,,No
143,11/19/19 6:46,R_2cCmuliuoGtq0y5,,,,,,,,,,,,,,,,,,,,0,20,20,15,,0,,0,,3,,,,,,,,,,,,No
231,11/19/19 6:46,R_W1KkhMePEAeD0Mp,,,,,,,,,,,,,,,,,,,,,,,,,,,,,,,0,0,20,0,,1,,0,,3,no
203,11/19/19 6:49,R_x9GPCVr5D2yS8MN,,,,,,,,,,,,,,,,,,,,,,,,,,,,,,,0,0,20,0,,1,,0,,3,no
318,11/19/19 6:49,R_BtAJQNEDJuwO8o1,1,19,20,0,0,0,3,,,,,,,,,,,,,,,,,,,,,,,,,,,,,,,,,,"No, it was very clear."
231,11/19/19 6:49,R_3MG4crQybWD639w,,,,,,,,,,,,,,,,,,,,0,0,20,0,,1,,0,,3,,,,,,,,,,,,no
270,11/19/19 6:50,R_2wbpJeqcTnNDExT,,,,,,,,,,,,,,,,,,,,0,0,20,0,,1,,0,,3,,,,,,,,,,,,no
317,11/19/19 6:51,R_324u7DBodFtLiOB,,,,,,,,,,,,,,,,,,,,,,,,,,,,,,,0,0,20,0,,0,,0,,2,no
153,11/19/19 6:52,R_2zUv6OVGqg1HtCx,,,,,,,,,,,,,,,,,,,,,,,,,,,,,,,0,0,20,0,,0,,0,,2,none
353,11/19/19 6:52,R_e9xqR1e1xkcPw1X,0,20,20,0,0,0,3,,,,,,,,,,,,,,,,,,,,,,,,,,,,,,,,,,no
276,11/19/19 6:53,R_3PRoo8WQj9vXQhx,,,,,,,,,0,19,20,0,,0,,0,,3,,,,,,,,,,,,,,,,,,,,,,,no
160,11/19/19 6:53,R_1nSDSc3LhwE6gbo,,,,,,,,,,,,,,,,,,,,0,0,20,0,,1,,0,,3,,,,,,,,,,,,no
200,11/19/19 6:53,R_3oMTyq5R3UshV9A,,,,,,,,,0,19,20,0,,1,,0,,2,,,,,,,,,,,,,,,,,,,,,,,no
358,11/19/19 6:53,R_1QEEIo8TMsv1wGa,,,,,,,,,0,19,20,0,,0,,0,,3,,,,,,,,,,,,,,,,,,,,,,,no
183,11/19/19 6:55,R_26btRW4fGwkagr5,,,,,,,,,,,,,,,,,,,,,,,,,,,,,,,1,0,20,0,,1,,0,,3,No
419,11/19/19 6:55,R_OdvTv5qR1ntTVqV,,,,,,,,,,,,,,,,,,,,0,0,20,0,,0,,0,,3,,,,,,,,,,,,no
94,11/19/19 6:56,R_29ic9nSiXJAc3Ob,3,19,20,3,1,0,2,,,,,,,,,,,,,,,,,,,,,,,,,,,,,,,,,,no
302,11/19/19 6:56,R_23Zz5L6RryuHwKn,,,,,,,,,,,,,,,,,,,,0,0,20,0,,1,,0,,3,,,,,,,,,,,,nothing
240,11/19/19 6:57,R_USlKHdUmvzJiUsp,,,,,,,,,,,,,,,,,,,,0,0,20,0,,1,,0,,3,,,,,,,,,,,,Nothing was confusing or unclear.
265,11/19/19 6:57,R_2fD5Eu1CzmXBKnT,0,19,20,0,1,0,3,,,,,,,,,,,,,,,,,,,,,,,,,,,,,,,,,,No
119,11/19/19 6:58,R_3Dee2Z6rluB8r6h,0,19,20,0,0,0,3,,,,,,,,,,,,,,,,,,,,,,,,,,,,,,,,,,No
187,11/19/19 6:58,R_3gLeeuJMsBBfxcr,,,,,,,,,,,,,,,,,,,,,,,,,,,,,,,19,0,20,0,,0,,0,,3,No
191,11/19/19 6:58,R_2rpzRChnPHC5bzX,,,,,,,,,,,,,,,,,,,,0,0,20,0,,1,,0,,3,,,,,,,,,,,,no
629,11/19/19 6:58,R_2P1fGe9uFUIDBj3,,,,,,,,,,,,,,,,,,,,,,,,,,,,,,,19,0,20,0,,1,,0,,3,NO
366,11/19/19 6:58,R_qIdseONoGVtdSbn,,,,,,,,,0,19,20,0,,0,,0,,3,,,,,,,,,,,,,,,,,,,,,,,no
313,11/19/19 6:59,R_rop2OQ5Bz1B9RXr,,,,,,,,,1,19,20,1,,0,,0,,3,,,,,,,,,,,,,,,,,,,,,,,no
173,11/19/19 6:59,R_UaLUarnpPINasTv,,,,,,,,,0,19,20,0,,0,,0,,3,,,,,,,,,,,,,,,,,,,,,,,No
151,11/19/19 6:59,R_8pkJIDoJNfbqlKF,,,,,,,,,,,,,,,,,,,,7,3,20,3,,0,,0,,2,,,,,,,,,,,,NONE
164,11/19/19 7:00,R_1f2c4XtYBdQhNMI,,,,,,,,,,,,,,,,,,,,,,,,,,,,,,,19,0,20,0,,0,,0,,3,it was very good
287,11/19/19 7:00,R_2Y3omROrlvh3OjG,,,,,,,,,,,,,,,,,,,,,,,,,,,,,,,0,2,20,0,,0,,0,,3,No
330,11/19/19 7:01,R_3hb9vN8WIq92VWj,,,,,,,,,0,19,20,0,,0,,0,,3,,,,,,,,,,,,,,,,,,,,,,,Nope
171,11/19/19 7:01,R_3lDhjeAz7v42HTo,,,,,,,,,,,,,,,,,,,,0,0,20,0,,1,,0,,3,,,,,,,,,,,,no
1121,11/19/19 7:02,R_2VkeNz2S2jhRgYc,,,,,,,,,0,0,20,0,,0,,0,,3,,,,,,,,,,,,,,,,,,,,,,,No
184,11/19/19 7:02,R_ulaVDYyoX02MaAx,,,,,,,,,0,19,19,0,,0,,0,,2,,,,,,,,,,,,,,,,,,,,,,,No
322,11/19/19 7:02,R_3OqYlwM0nFH7ro0,,,,,,,,,0,18,19,0,,0,,0,,2,,,,,,,,,,,,,,,,,,,,,,,no
250,11/19/19 7:03,R_2SrHUxpK51WHFxN,0,19,20,0,1,0,3,,,,,,,,,,,,,,,,,,,,,,,,,,,,,,,,,,no
155,11/19/19 7:03,R_3EQof1SQ6u5yyT6,,,,,,,,,,,,,,,,,,,,0,0,20,0,,0,,0,,3,,,,,,,,,,,,no
212,11/19/19 7:04,R_3fJEK3tU6copB13,0,19,20,0,0,0,3,,,,,,,,,,,,,,,,,,,,,,,,,,,,,,,,,,no
252,11/19/19 7:05,R_12JXUDl18qtUqen,,,,,,,,,,,,,,,,,,,,,,,,,,,,,,,0,0,20,0,,0,,0,,3,
717,11/19/19 7:05,R_2VkgabHnHbBRBph,,,,,,,,,,,,,,,,,,,,,,,,,,,,,,,19,19,20,19,,0,,0,,2,no
362,11/19/19 7:05,R_12znS37vmhqRBGe,,,,,,,,,,,,,,,,,,,,0,0,20,0,,1,,0,,3,,,,,,,,,,,,no
202,11/19/19 7:06,R_2UaUvkh3JACQ0ap,,,,,,,,,,,,,,,,,,,,1,0,20,0,,1,,0,,3,,,,,,,,,,,,"When it asked how many people would know if John used the oil, I answered 1 because John would know. I was unsure if it meant out of the 20 boaters or just the other 19."
446,11/19/19 7:06,R_1KwBFpdjckZIfGx,0,19,20,0,0,0,3,,,,,,,,,,,,,,,,,,,,,,,,,,,,,,,,,,no
306,11/19/19 7:07,R_Twsa0izEn5uCiCl,19,19,20,0,1,0,3,,,,,,,,,,,,,,,,,,,,,,,,,,,,,,,,,,Some of the questions how they were worded made me rethink my answer after I submitted them
216,11/19/19 7:08,R_1JKM8A2stEf44fe,,,,,,,,,,,,,,,,,,,,,,,,,,,,,,,19,19,20,0,,0,,0,,3,no
329,11/19/19 7:08,R_3mmKdtkYrcAqvQc,0,20,20,0,0,0,3,,,,,,,,,,,,,,,,,,,,,,,,,,,,,,,,,,no
200,11/19/19 7:08,R_OkhRWC6ny4NLAjv,,,,,,,,,0,19,20,0,,0,,0,,3,,,,,,,,,,,,,,,,,,,,,,,no
248,11/19/19 7:08,R_1NaE4SR3pwk4llH,,,,,,,,,,,,,,,,,,,,,,,,,,,,,,,0,0,20,0,,1,,0,,3,no
275,11/19/19 7:09,R_2TFZuTkFL5pV8Nf,,,,,,,,,,,,,,,,,,,,0,0,20,0,,1,,0,,2,,,,,,,,,,,,no
169,11/19/19 7:10,R_1C1GBKqL1PuCGku,0,19,20,0,1,0,3,,,,,,,,,,,,,,,,,,,,,,,,,,,,,,,,,,no
145,11/19/19 7:10,R_x9gTciWxxyQ1XA5,,,,,,,,,,,,,,,,,,,,,,,,,,,,,,,0,0,20,0,,0,,0,,3,no
233,11/19/19 7:10,R_2QrInuPYCcsfybA,,,,,,,,,0,19,20,19,,0,,0,,2,,,,,,,,,,,,,,,,,,,,,,,
188,11/19/19 7:11,R_3NWiM0oqdiPtUPb,20,19,20,0,0,0,2,,,,,,,,,,,,,,,,,,,,,,,,,,,,,,,,,,no
910,11/19/19 7:11,R_3efsRUlPUDLwBMA,,,,,,,,,18,18,20,0,,1,,0,,3,,,,,,,,,,,,,,,,,,,,,,,NO
369,11/19/19 7:12,R_9HJSy79urEj7duN,,,,,,,,,,,,,,,,,,,,0,0,20,0,,1,,0,,3,,,,,,,,,,,,
410,11/19/19 7:13,R_2yeijrUqvi0IrBR,,,,,,,,,,,,,,,,,,,,,,,,,,,,,,,0,0,20,0,,1,,0,,3,no
574,11/19/19 7:14,R_1IXUa0klpo1izzT,,,,,,,,,1,19,20,0,,0,,0,,3,,,,,,,,,,,,,,,,,,,,,,,No
412,11/19/19 7:14,R_3HMPLoFE8RfFyGs,,,,,,,,,1,20,20,0,,0,,0,,2,,,,,,,,,,,,,,,,,,,,,,,No
254,11/19/19 7:14,R_20YhiHrkq2k12hp,,,,,,,,,,,,,,,,,,,,0,0,20,0,,1,,0,,3,,,,,,,,,,,,No.
362,11/19/19 7:15,R_1hRLa8FS27Q8kFQ,,,,,,,,,0,19,20,0,,0,,0,,2,,,,,,,,,,,,,,,,,,,,,,,no
526,11/19/19 7:15,R_2CNB7Iu3O4auOWe,,,,,,,,,,,,,,,,,,,,19,0,20,0,,1,,0,,3,,,,,,,,,,,,no
197,11/19/19 7:16,R_1mUgVnj8TTKbePf,,,,,,,,,,,,,,,,,,,,,,,,,,,,,,,1,0,20,0,,0,,0,,3,no
313,11/19/19 7:17,R_3EuqYIH55UQtLaZ,0,19,20,19,0,0,3,,,,,,,,,,,,,,,,,,,,,,,,,,,,,,,,,,No
117,11/19/19 7:17,R_2fE51i2atRuCRzx,,,,,,,,,,,,,,,,,,,,,,,,,,,,,,,1,0,20,0,,0,,0,,3,Nope!
384,11/19/19 7:18,R_Q65U5ZJVo6x6Zs5,0,20,20,0,1,0,2,,,,,,,,,,,,,,,,,,,,,,,,,,,,,,,,,,
302,11/19/19 7:19,R_3DeAUTLAMGkJfff,,,,,,,,,0,2,20,0,,0,,0,,3,,,,,,,,,,,,,,,,,,,,,,,no
232,11/19/19 7:20,R_3NJIUwJho8KirLO,0,19,20,0,1,0,3,,,,,,,,,,,,,,,,,,,,,,,,,,,,,,,,,,No
166,11/19/19 7:20,R_WvXGZlp94aS7JOF,,,,,,,,,7,7,20,3,,0,,0,,1,,,,,,,,,,,,,,,,,,,,,,,the first one with all the numbers
158,11/19/19 7:20,R_1rktKqfkeRlyl2G,0,19,20,0,0,0,3,,,,,,,,,,,,,,,,,,,,,,,,,,,,,,,,,,No
242,11/19/19 7:20,R_2YigJ69LdvD4wrh,,,,,,,,,,,,,,,,,,,,0,0,20,0,,1,,0,,3,,,,,,,,,,,,no
197,11/19/19 7:21,R_2pXY0ohHdyctFUy,,,,,,,,,,,,,,,,,,,,1,0,20,0,,1,,0,,3,,,,,,,,,,,,no
213,11/19/19 7:21,R_2ePS4CiOyqMh37U,,,,,,,,,0,19,20,0,,0,,0,,2,,,,,,,,,,,,,,,,,,,,,,,nothing unclear
225,11/19/19 7:21,R_2c1mdcKXBmwY4gz,,,,,,,,,,,,,,,,,,,,,,,,,,,,,,,0,0,20,0,,0,,0,,2,no
176,11/19/19 7:22,R_1otfzWE3RUOM81P,,,,,,,,,,,,,,,,,,,,0,0,20,0,,1,,0,,3,,,,,,,,,,,,no
200,11/19/19 7:23,R_Rf9Zrij5e9iGBWh,,,,,,,,,,,,,,,,,,,,,,,,,,,,,,,0,0,20,0,,1,,0,,3,no
248,11/19/19 7:24,R_1DM8LsCBBslsKHv,,,,,,,,,0,19,20,0,,0,,0,,3,,,,,,,,,,,,,,,,,,,,,,,no
188,11/19/19 7:24,R_eFJjvAvDgFb99D3,,,,,,,,,,,,,,,,,,,,,,,,,,,,,,,0,0,20,0,,1,,0,,3,No
193,11/19/19 7:25,R_11bF4shTVGO6qtz,,,,,,,,,,,,,,,,,,,,,,,,,,,,,,,0,0,20,0,,0,,0,,2,none
260,11/19/19 7:25,R_2VjO5hAQTZromZd,,,,,,,,,,,,,,,,,,,,0,0,20,0,,0,,0,,2,,,,,,,,,,,,
248,11/19/19 7:25,R_239b17qYxEcQLph,,,,,,,,,0,19,20,1,,1,,0,,3,,,,,,,,,,,,,,,,,,,,,,,No
254,11/19/19 7:26,R_2c58WICj5LAFLQR,,,,,,,,,,,,,,,,,,,,,,,,,,,,,,,0,0,20,0,,0,,0,,3,no
303,11/19/19 7:26,R_eR4lSbsy9ezhhkt,,,,,,,,,,,,,,,,,,,,0,0,20,0,,1,,0,,3,,,,,,,,,,,,No
172,11/19/19 7:27,R_3nVEQOyXTBn6hMk,,,,,,,,,,,,,,,,,,,,0,0,20,0,,0,,0,,3,,,,,,,,,,,,no
469,11/19/19 7:27,R_1F3yJuywBLyDquK,0,19,20,0,0,0,3,,,,,,,,,,,,,,,,,,,,,,,,,,,,,,,,,,no
364,11/19/19 7:27,R_3iP7ekY5scn9xzK,0,19,20,0,0,0,3,,,,,,,,,,,,,,,,,,,,,,,,,,,,,,,,,,no
376,11/19/19 7:27,R_22RDiViUTVXilaC,0,19,20,7,0,0,3,,,,,,,,,,,,,,,,,,,,,,,,,,,,,,,,,,The story didn't say if anyone would for sure start using the oil
145,11/19/19 7:28,R_3HhrDpzG3tCMV4S,19,19,20,0,0,0,3,,,,,,,,,,,,,,,,,,,,,,,,,,,,,,,,,,Some of the wording for the review questions was confusing and could have been answered clearer without a number being required.
180,11/19/19 7:28,R_3QLiuhNiyEDrQnQ,,,,,,,,,0,19,20,0,,0,,0,,3,,,,,,,,,,,,,,,,,,,,,,,no
180,11/19/19 7:28,R_3nuD66YTxvi835o,,,,,,,,,0,19,20,0,,0,,0,,3,,,,,,,,,,,,,,,,,,,,,,,no
169,11/19/19 7:29,R_1NwY7IsYnDm5RPL,,,,,,,,,,,,,,,,,,,,,,,,,,,,,,,0,0,20,0,,1,,0,,3,no
141,11/19/19 7:30,R_1CBywbrYopr2jkj,,,,,,,,,,,,,,,,,,,,19,0,20,0,,0,,0,,2,,,,,,,,,,,,no
177,11/19/19 7:31,R_1guXZ1sayAHBhZ4,,,,,,,,,19,19,20,0,,0,,0,,2,,,,,,,,,,,,,,,,,,,,,,,no
199,11/19/19 7:31,R_plvkUUVWKcRx8ch,0,19,20,0,0,0,3,,,,,,,,,,,,,,,,,,,,,,,,,,,,,,,,,,No
271,11/19/19 7:32,R_2VCovmTLYk2v0qW,,,,,,,,,,,,,,,,,,,,0,0,20,0,,1,,0,,3,,,,,,,,,,,,no
77,11/19/19 7:32,R_1KqGyFLAhWjDlVg,,,,,,,,,,,,,,,,,,,,,,,,,,,,,,,2,1,2,2,,1,,0,,1,so much to read and comprehend
820,11/19/19 7:32,R_1rNRTVJE7CSr32P,,,,,,,,,,,,,,,,,,,,0,0,20,0,,0,,0,,3,,,,,,,,,,,,Nope
263,11/19/19 7:32,R_2SjmoKNRv9qqlIt,,,,,,,,,0,19,20,0,,1,,0,,3,,,,,,,,,,,,,,,,,,,,,,,No
153,11/19/19 7:33,R_1Kr3jV9acRCIwwU,0,19,20,0,0,0,3,,,,,,,,,,,,,,,,,,,,,,,,,,,,,,,,,,no
244,11/19/19 7:33,R_1n6nLk1RghLNyCq,0,19,20,0,0,0,3,,,,,,,,,,,,,,,,,,,,,,,,,,,,,,,,,,no
387,11/19/19 7:34,R_UFKcC72fzh7vHl7,,,,,,,,,,,,,,,,,,,,,,,,,,,,,,,0,0,20,0,,0,,0,,3,no
209,11/19/19 7:34,R_12tjCdYStNqGc6D,,,,,,,,,,,,,,,,,,,,1,0,20,0,,1,,0,,2,,,,,,,,,,,,no
288,11/19/19 7:34,R_YaYBTffI5oeR4sh,,,,,,,,,0,1,20,0,,0,,0,,3,,,,,,,,,,,,,,,,,,,,,,,No
189,11/19/19 7:34,R_0MtL7eTnjrffDXz,0,19,20,0,0,0,3,,,,,,,,,,,,,,,,,,,,,,,,,,,,,,,,,,You asked if anyone would know about John using the new motor oil. Does that include John? 
305,11/19/19 7:35,R_1Ljvh8jP8Cot8VT,,,,,,,,,0,19,20,0,,0,,0,,2,,,,,,,,,,,,,,,,,,,,,,,No
629,11/19/19 7:35,R_6DN85wk7A2x5Qe5,1,19,20,0,1,0,3,,,,,,,,,,,,,,,,,,,,,,,,,,,,,,,,,,no
261,11/19/19 7:35,R_2sRRAynUwmJQs2g,,,,,,,,,,,,,,,,,,,,,,,,,,,,,,,0,0,20,0,,1,,0,,3,no
429,11/19/19 7:36,R_2c8l6rBNTh2mByS,,,,,,,,,,,,,,,,,,,,,,,,,,,,,,,0,0,20,0,,1,,0,,3,I found nothing confusing
202,11/19/19 7:36,R_1FIzQzD5y1cRkI9,,,,,,,,,,,,,,,,,,,,,,,,,,,,,,,0,0,19,0,,1,,0,,3,no
312,11/19/19 7:37,R_2ePCNCSEjVXgmhu,,,,,,,,,,,,,,,,,,,,0,0,20,0,,0,,0,,3,,,,,,,,,,,,no
217,11/19/19 7:37,R_6mQckfw38nTz39L,,,,,,,,,,,,,,,,,,,,0,0,20,0,,0,,0,,3,,,,,,,,,,,,No
118,11/19/19 7:38,R_2ZPSwmSNpNNuIz7,,,,,,,,,,,,,,,,,,,,0,0,20,0,,1,,0,,3,,,,,,,,,,,,no
189,11/19/19 7:39,R_3qjMJ8HxN7oCost,0,19,20,0,0,0,3,,,,,,,,,,,,,,,,,,,,,,,,,,,,,,,,,,
496,11/19/19 7:39,R_2di1Xmt0qUMrxsS,,,,,,,,,0,19,20,0,,1,,0,,3,,,,,,,,,,,,,,,,,,,,,,,Everything was clear. 
326,11/19/19 7:41,R_2pQdzqyb1HJSFQk,,,,,,,,,,,,,,,,,,,,,,,,,,,,,,,0,0,20,0,,1,,0,,3,no
445,11/19/19 7:42,R_2wcdyEzNRUSLpBV,0,3,20,0,0,0,3,,,,,,,,,,,,,,,,,,,,,,,,,,,,,,,,,,No
215,11/19/19 7:42,R_2dDXYl5WkqOYmcb,19,3,20,19,0,0,2,,,,,,,,,,,,,,,,,,,,,,,,,,,,,,,,,,no
348,11/19/19 7:43,R_2topDFJtYUkdqoe,,,,,,,,,18,1,19,0,,0,,0,,2,,,,,,,,,,,,,,,,,,,,,,,no
165,11/19/19 7:43,R_2rkX2lEZyB1eH8z,,,,,,,,,0,19,20,19,,0,,0,,2,,,,,,,,,,,,,,,,,,,,,,,no
308,11/19/19 7:43,R_2Y6aVxsLwrIWK33,,,,,,,,,1,19,20,0,,0,,0,,3,,,,,,,,,,,,,,,,,,,,,,,No.
364,11/19/19 7:44,R_3njGOESXL63Pj1t,,,,,,,,,,,,,,,,,,,,0,0,20,0,,1,,0,,3,,,,,,,,,,,,No
333,11/19/19 7:44,R_1flssRf1sNiSqTA,,,,,,,,,,,,,,,,,,,,,,,,,,,,,,,0,0,19,0,,1,,0,,3,No
100,11/19/19 7:44,R_BR3NTtwwlUiIoFj,1,7,20,0,0,0,3,,,,,,,,,,,,,,,,,,,,,,,,,,,,,,,,,,no
221,11/19/19 7:45,R_1DGv1YH3E8Sv1xU,,,,,,,,,,,,,,,,,,,,,,,,,,,,,,,19,0,20,0,,1,,0,,3,NO.
155,11/19/19 7:45,R_1g7oZYaI5vNBOoh,0,19,20,0,0,0,3,,,,,,,,,,,,,,,,,,,,,,,,,,,,,,,,,,Nothing in particular
189,11/19/19 7:46,R_1dfMRml2B2ahH0A,,,,,,,,,,,,,,,,,,,,,,,,,,,,,,,1,0,20,0,,1,,0,,3,no
314,11/19/19 7:46,R_30tWhmENxSUL6ey,,,,,,,,,,,,,,,,,,,,0,0,20,0,,1,,0,,3,,,,,,,,,,,,No
234,11/19/19 7:46,R_2VHDr99CPODeGEW,,,,,,,,,,,,,,,,,,,,0,0,20,0,,1,,0,,3,,,,,,,,,,,,it was fine
176,11/19/19 7:47,R_1ClKE493Ba1OLrm,0,19,20,0,0,0,3,,,,,,,,,,,,,,,,,,,,,,,,,,,,,,,,,,No
201,11/19/19 7:48,R_1Q5yBp2pnupNViV,,,,,,,,,,,,,,,,,,,,,,,,,,,,,,,0,1,20,1,,1,,0,,3,no
296,11/19/19 7:48,R_1DUOCdzYm6JXpwB,,,,,,,,,0,19,20,0,,0,,0,,3,,,,,,,,,,,,,,,,,,,,,,,"nope, interesting task! "
342,11/19/19 7:50,R_OGRcy3MViJGHNgl,,,,,,,,,,,,,,,,,,,,0,0,20,0,,1,,0,,3,,,,,,,,,,,,"No. Although I think it's a question of ethics rather than morals whether or not it's ok for him to use it. Morally, it's probably ok. Ethically, I don't think it is, since we know that at some point (3 boats), enough of the Beta X will accumulate. Why start something that has such a potential for harm if you don't need it, and no one else is going to pollute? "
241,11/19/19 7:50,R_3p3axlpVATqMO3q,,,,,,,,,,,,,,,,,,,,0,0,20,0,,1,,0,,3,,,,,,,,,,,,no
208,11/19/19 7:50,R_cVk245uDjZobbmp,0,19,20,0,0,0,3,,,,,,,,,,,,,,,,,,,,,,,,,,,,,,,,,,No
382,11/19/19 7:52,R_1jTzU4IDT8dnXz1,,,,,,,,,19,18,20,0,,0,,1,,2,,,,,,,,,,,,,,,,,,,,,,,There were alot of numbers to remember in between but other then that it was very understanding.
392,11/19/19 7:53,R_2ts4Sa58vofy7Ts,,,,,,,,,,,,,,,,,,,,,,,,,,,,,,,0,0,20,0,,0,,0,,3,no
251,11/19/19 7:53,R_1MYwOG8Kg1nyv1E,,,,,,,,,1,19,20,0,,1,,0,,3,,,,,,,,,,,,,,,,,,,,,,,No
380,11/19/19 7:53,R_1LRMrTiG2EgksHd,,,,,,,,,,,,,,,,,,,,19,0,20,0,,1,,0,,3,,,,,,,,,,,,no
150,11/19/19 7:54,R_3nqnwF8rep954F5,,,,,,,,,,,,,,,,,,,,0,0,20,0,,0,,0,,3,,,,,,,,,,,,Nothing was unclear
414,11/19/19 7:54,R_2Va2lDHWZGtLxdE,,,,,,,,,,,,,,,,,,,,,,,,,,,,,,,0,0,20,0,,1,,1,,3,Nothing
156,11/19/19 7:55,R_1pLqTzlT19OfAUS,0,19,20,0,0,0,3,,,,,,,,,,,,,,,,,,,,,,,,,,,,,,,,,,no
540,11/19/19 7:56,R_20YyHnkYKuAd8o5,0,19,20,0,0,0,2,,,,,,,,,,,,,,,,,,,,,,,,,,,,,,,,,,no
166,11/19/19 7:56,R_27maLu9jhiuJ6Ew,,,,,,,,,,,,,,,,,,,,0,0,20,0,,0,,0,,2,,,,,,,,,,,,no
543,11/19/19 7:56,R_2xLuzdvES9MObGQ,,,,,,,,,,,,,,,,,,,,,,,,,,,,,,,0,0,20,0,,0,,0,,3,No.
252,11/19/19 7:57,R_1mq6j6f4tcm07cn,,,,,,,,,0,19,20,0,,1,,0,,3,,,,,,,,,,,,,,,,,,,,,,,No
234,11/19/19 7:57,R_PYYPdQfhcPUIfg5,,,,,,,,,0,20,20,0,,1,,0,,3,,,,,,,,,,,,,,,,,,,,,,,Nope
354,11/19/19 7:57,R_vIXSiiB4ACLIXvz,,,,,,,,,,,,,,,,,,,,20,19,20,19,,0,,0,,2,,,,,,,,,,,,No
301,11/19/19 7:57,R_26b5nGX0jBUFxO1,,,,,,,,,,,,,,,,,,,,,,,,,,,,,,,0,0,20,0,,1,,0,,3,
122,11/19/19 7:58,R_28SN7Sinv3JwMAY,0,19,20,0,1,0,3,,,,,,,,,,,,,,,,,,,,,,,,,,,,,,,,,,No
483,11/19/19 7:58,R_2SeS8v2BFXxocTy,,,,,,,,,0,19,20,9,,0,,0,,3,,,,,,,,,,,,,,,,,,,,,,,
218,11/19/19 7:58,R_2R82UQ2pomyJ8E3,,,,,,,,,1,19,20,0,,0,,0,,3,,,,,,,,,,,,,,,,,,,,,,,No. 
461,11/19/19 7:58,R_122SQfo9DDHxe97,0,19,20,0,1,0,3,,,,,,,,,,,,,,,,,,,,,,,,,,,,,,,,,,no
227,11/19/19 7:59,R_UgyRtEOEzXTrm4p,,,,,,,,,,,,,,,,,,,,,,,,,,,,,,,0,0,20,0,,1,,0,,3,no
159,11/19/19 7:59,R_3PTQ4ESjmgi2vaq,,,,,,,,,0,19,20,0,,1,,0,,3,,,,,,,,,,,,,,,,,,,,,,,no
186,11/19/19 7:59,R_cZnUGEZOkbCyHnP,,,,,,,,,,,,,,,,,,,,0,0,20,0,,1,,0,,3,,,,,,,,,,,,Nope
283,11/19/19 7:59,R_3LgXen879V1mYMD,,,,,,,,,,,,,,,,,,,,,,,,,,,,,,,19,19,20,0,,1,,0,,3,no
590,11/19/19 7:59,R_1CpfGR9ZCRVKeC5,,,,,,,,,,,,,,,,,,,,,,,,,,,,,,,1,1,20,2,,1,,0,,3,no confusion the survey to the point and clear
318,11/19/19 7:59,R_2VC2UWfNYu0J83G,,,,,,,,,,,,,,,,,,,,19,0,20,0,,0,,0,,3,,,,,,,,,,,,
156,11/19/19 8:00,R_1opSM5EWJolxB91,,,,,,,,,0,19,20,0,,1,,0,,3,,,,,,,,,,,,,,,,,,,,,,,no
287,11/19/19 8:01,R_3m9x4rel4jSVjrN,,,,,,,,,,,,,,,,,,,,,,,,,,,,,,,0,0,20,0,,1,,0,,3,No
335,11/19/19 8:03,R_1FkCnxsHoGpFrSH,0,19,19,0,0,0,3,,,,,,,,,,,,,,,,,,,,,,,,,,,,,,,,,,no
290,11/19/19 8:03,R_3fvlwF7Sr2Uc7pD,,,,,,,,,,,,,,,,,,,,1,0,20,0,,0,,0,,3,,,,,,,,,,,,no it was awesome
239,11/19/19 8:03,R_2sZ15KEkqcvK8rO,,,,,,,,,,,,,,,,,,,,,,,,,,,,,,,0,0,20,0,,1,,0,,3,
697,11/19/19 8:04,R_33rJxY9xviX56L7,0,19,20,0,1,0,2,,,,,,,,,,,,,,,,,,,,,,,,,,,,,,,,,,no
138,11/19/19 8:05,R_C4CtXin30tOIsX7,,,,,,,,,0,19,20,0,,0,,0,,2,,,,,,,,,,,,,,,,,,,,,,,no
275,11/19/19 8:05,R_2Et2tvHzBIca3pm,,,,,,,,,,,,,,,,,,,,0,0,20,0,,1,,0,,3,,,,,,,,,,,,No
194,11/19/19 8:08,R_1PemDLg9TzfCyBt,0,19,20,0,1,0,3,,,,,,,,,,,,,,,,,,,,,,,,,,,,,,,,,,
167,11/19/19 8:10,R_p49twDkWBQrirp7,0,19,20,0,1,0,3,,,,,,,,,,,,,,,,,,,,,,,,,,,,,,,,,,No.
251,11/19/19 8:10,R_2YWKUCl0tEIslNH,,,,,,,,,,,,,,,,,,,,0,0,20,0,,1,,0,,3,,,,,,,,,,,,"Not really, no. "
163,11/19/19 8:12,R_1rw7m3YvwNCfVut,,,,,,,,,,,,,,,,,,,,,,,,,,,,,,,0,0,20,0,,0,,0,,3,no
132,11/19/19 8:13,R_21up94enmdZXsvq,,,,,,,,,0,19,20,0,,0,,0,,2,,,,,,,,,,,,,,,,,,,,,,,no
187,11/19/19 8:13,R_2CBR5HUPPXMAL61,0,20,20,0,0,0,2,,,,,,,,,,,,,,,,,,,,,,,,,,,,,,,,,,no
390,11/19/19 8:13,R_1IWS1Q80P6imNkD,,,,,,,,,0,20,20,0,,0,,0,,3,,,,,,,,,,,,,,,,,,,,,,,No
204,11/19/19 8:13,R_6y6awcCP1XHfnih,,,,,,,,,0,19,20,0,,1,,0,,3,,,,,,,,,,,,,,,,,,,,,,,no
232,11/19/19 8:13,R_1zfF5cMxCJM4hk5,,,,,,,,,,,,,,,,,,,,0,0,20,0,,1,,0,,3,,,,,,,,,,,,no i liked the story very much.
258,11/19/19 8:14,R_DplAQuQDLOCrE53,,,,,,,,,,,,,,,,,,,,0,0,20,0,,1,,0,,3,,,,,,,,,,,,no
606,11/19/19 8:16,R_6eRsnWi3MFLL6H7,19,19,20,0,1,1,3,,,,,,,,,,,,,,,,,,,,,,,,,,,,,,,,,,no
248,11/19/19 8:18,R_22nUQ9JVvZ3NeYq,,,,,,,,,,,,,,,,,,,,0,0,20,0,,1,,0,,3,,,,,,,,,,,,no
288,11/19/19 8:18,R_3p556r54ttF5gtm,,,,,,,,,,,,,,,,,,,,,,,,,,,,,,,0,0,20,0,,1,,0,,3,no
514,11/19/19 8:19,R_AuE1eRKlIZLkAHT,0,19,20,0,1,0,3,,,,,,,,,,,,,,,,,,,,,,,,,,,,,,,,,,No
178,11/19/19 8:20,R_1QnZq8BIvKjufbd,,,,,,,,,0,19,20,0,,0,,0,,3,,,,,,,,,,,,,,,,,,,,,,,Nope! Just made me think.
365,11/19/19 8:20,R_3g6FQbkIMewz4O8,0,19,20,0,0,0,3,,,,,,,,,,,,,,,,,,,,,,,,,,,,,,,,,,no
140,11/19/19 8:21,R_1oHXbzefrYP2EAQ,0,20,20,0,1,0,3,,,,,,,,,,,,,,,,,,,,,,,,,,,,,,,,,,no
225,11/19/19 8:21,R_2upkJ4m1XZYQTqG,,,,,,,,,,,,,,,,,,,,0,0,20,0,,1,,0,,3,,,,,,,,,,,,no
292,11/19/19 8:22,R_25QHqqRMmTeI1v0,,,,,,,,,,,,,,,,,,,,,,,,,,,,,,,0,0,19,0,,0,,0,,3,Not. I did say 19 people use boats in the first question but it was 20 if it included Steve. 
260,11/19/19 8:23,R_10rCVu4mFaWTLiP,,,,,,,,,,,,,,,,,,,,,,,,,,,,,,,0,0,20,0,,1,,0,,3,no
115,11/19/19 8:23,R_2y93mhsbXDadEea,,,,,,,,,0,19,20,0,,0,,0,,3,,,,,,,,,,,,,,,,,,,,,,,no
333,11/19/19 8:23,R_25sX5WiNpxCdlbo,,,,,,,,,,,,,,,,,,,,0,0,20,0,,1,,0,,3,,,,,,,,,,,,No. 
672,11/19/19 8:23,R_2AHbyjIISUGMuC8,0,19,20,0,0,0,2,,,,,,,,,,,,,,,,,,,,,,,,,,,,,,,,,,no
363,11/19/19 8:23,R_2vZnUQ7Ji4CVTCI,,,,,,,,,,,,,,,,,,,,,,,,,,,,,,,0,0,20,0,,1,,0,,3,No
321,11/19/19 8:23,R_BKs8NrQjibQqmNr,,,,,,,,,0,19,20,0,,1,,0,,3,,,,,,,,,,,,,,,,,,,,,,,No
126,11/19/19 8:25,R_31ASVNAmXLvJE41,,,,,,,,,,,,,,,,,,,,1,0,20,0,,1,,0,,3,,,,,,,,,,,,No
240,11/19/19 8:25,R_RzDNmo5biMkeREd,,,,,,,,,,,,,,,,,,,,1,0,20,0,,0,,0,,3,,,,,,,,,,,,No
280,11/19/19 8:27,R_2bIEuCJxmAz5b3f,,,,,,,,,,,,,,,,,,,,,,,,,,,,,,,0,0,20,0,,1,,0,,3,no
154,11/19/19 8:27,R_3O7JBcQfHGZ6w22,0,19,20,0,0,0,3,,,,,,,,,,,,,,,,,,,,,,,,,,,,,,,,,,no
175,11/19/19 8:27,R_7VdUsyjQvL5ZonD,0,19,20,0,1,0,3,,,,,,,,,,,,,,,,,,,,,,,,,,,,,,,,,,No
222,11/19/19 8:28,R_2QlX8BYtWYkY43C,,,,,,,,,0,19,20,0,,0,,0,,3,,,,,,,,,,,,,,,,,,,,,,,No
149,11/19/19 8:28,R_1F3AdkPCYQrZ3pa,,,,,,,,,0,19,20,0,,0,,0,,3,,,,,,,,,,,,,,,,,,,,,,,"The story was complex, but not confusing"
354,11/19/19 8:30,R_1eQLC0YoitJuCXB,,,,,,,,,,,,,,,,,,,,20,0,20,0,,0,,0,,3,,,,,,,,,,,,No
99,11/19/19 8:30,R_2Tu8SyskhBVbT4j,,,,,,,,,,,,,,,,,,,,19,0,20,0,,0,,0,,3,,,,,,,,,,,,no
255,11/19/19 8:33,R_2dQl76UoMfoIlgO,,,,,,,,,,,,,,,,,,,,,,,,,,,,,,,0,0,20,0,,0,,0,,3,no
221,11/19/19 8:34,R_qECAKXsC59nupm9,20,19,20,0,0,0,3,,,,,,,,,,,,,,,,,,,,,,,,,,,,,,,,,,not really
218,11/19/19 8:34,R_C8pGEfo5hfx4CwV,0,19,20,0,1,0,3,,,,,,,,,,,,,,,,,,,,,,,,,,,,,,,,,,no - but I still think the morality of using the new motor oil is pretty gray.  
342,11/19/19 8:35,R_1r87ifUcu87YYRr,,,,,,,,,20,19,20,0,,1,,0,,3,,,,,,,,,,,,,,,,,,,,,,,No.
172,11/19/19 8:35,R_1gd4ibYlUct19ak,,,,,,,,,,,,,,,,,,,,,,,,,,,,,,,0,0,20,0,,1,,0,,3,no
180,11/19/19 8:35,R_2v0npzQYCnQ94Kc,,,,,,,,,1,1,20,1,,0,,0,,2,,,,,,,,,,,,,,,,,,,,,,,no
1379,11/19/19 8:38,R_UXZYi4T2Trcrh7z,,,,,,,,,,,,,,,,,,,,,,,,,,,,,,,0,0,19,1,,0,,0,,3,no
222,11/19/19 8:41,R_3jSucIj7g6YR7Ff,0,19,20,0,0,0,3,,,,,,,,,,,,,,,,,,,,,,,,,,,,,,,,,,No.
427,11/19/19 8:42,R_VVDGrnd8lV0qtj3,,,,,,,,,0,19,20,0,,1,,0,,3,,,,,,,,,,,,,,,,,,,,,,,Lots. I disagree with the answers in the comprehension check. It is possible to see who is using the new motor oil since they will be going faster. The statements of the other 19 that they will not be using the new motor oil would like be false. I'll ignore that motor oil has nothing to do with the speed of an engine as I am sure you know that.
320,11/19/19 8:42,R_1eqstMoolX18nJU,,,,,,,,,,,,,,,,,,,,0,0,20,0,,1,,0,,3,,,,,,,,,,,,NO
232,11/19/19 8:43,R_3PUmmP3l0GLhPcW,,,,,,,,,,,,,,,,,,,,0,0,20,0,,0,,0,,2,,,,,,,,,,,,
265,11/19/19 8:43,R_1N3UJaiYSmur3hn,,,,,,,,,0,19,20,0,,1,,0,,3,,,,,,,,,,,,,,,,,,,,,,,no
481,11/19/19 8:45,R_qJyiu9hHGxIbmjD,0,19,20,0,0,0,3,,,,,,,,,,,,,,,,,,,,,,,,,,,,,,,,,,"Yes, the first of the questions referenced the number of people intending to use the new motor oil...it should have qualified ""besides John"".  Also another question was vague...it asked if it was unhealthly for John to use the new motor oil...it also should have been qualified ""if no other boater uses the new motor oil""."
225,11/19/19 8:45,R_2ahLJWJzGka3h2o,,,,,,,,,,,,,,,,,,,,,,,,,,,,,,,0,0,20,0,,1,,0,,3,No
1007,11/19/19 8:47,R_wQS14qbYk5N4gV3,,,,,,,,,,,,,,,,,,,,0,0,20,0,,0,,0,,2,,,,,,,,,,,,It was very clear. Thank you for giving me the opportunity to participate in this study.
889,11/19/19 8:50,R_1MKh4js0sNmFo8R,,,,,,,,,,,,,,,,,,,,,,,,,,,,,,,0,0,20,0,,1,,0,,3,no 
394,11/19/19 8:52,R_Qg3sDnaQDKg0qRz,,,,,,,,,,,,,,,,,,,,0,0,20,0,,1,,0,,3,,,,,,,,,,,,no.
376,11/19/19 8:56,R_1r2CebcmVaCHahe,0,19,20,0,1,0,3,,,,,,,,,,,,,,,,,,,,,,,,,,,,,,,,,,No
206,11/19/19 8:57,R_2cd4WMykJ6plyd4,,,,,,,,,,,,,,,,,,,,0,0,20,0,,0,,0,,3,,,,,,,,,,,,The way it was worded was a little confusing. 
291,11/19/19 8:57,R_1dFgS1VW3gC0bUc,1,19,20,0,0,0,3,,,,,,,,,,,,,,,,,,,,,,,,,,,,,,,,,,"A couple of the questions could have gone two ways (for example, if John uses the oil will it kill the fish? No, not really, but that is only assuming everyone is being honest and up front about their use of the oil. If everyone else is being honest and truly not using the oil, John would be fine to do so. But with such a risk it'd be a hard thing to take people's word on)"
340,11/19/19 8:58,R_1INnkf7W3pdF2Q8,,,,,,,,,1,19,20,19,,0,,0,,3,,,,,,,,,,,,,,,,,,,,,,,Nothing.
119,11/19/19 8:59,R_2WPzZE2pfikMwDK,,,,,,,,,,,,,,,,,,,,,,,,,,,,,,,0,0,20,0,,0,,0,,2,No
405,11/19/19 9:02,R_3PAfOjgsO9Fm71B,,,,,,,,,,,,,,,,,,,,,,,,,,,,,,,2,0,20,0,,1,,0,,3,no.  My answer of two people knowing referred to John and the person selling him the new oil.
178,11/19/19 9:02,R_1ffvBlV4jPxdnBi,,,,,,,,,0,19,20,0,,0,,0,,2,,,,,,,,,,,,,,,,,,,,,,,No.
192,11/19/19 9:12,R_10pfacMDIsA1Gs6,0,19,20,0,0,0,3,,,,,,,,,,,,,,,,,,,,,,,,,,,,,,,,,,no
85,11/19/19 9:24,R_3lGly5JHLSyGoJ8,,,,,,,,,,,,,,,,,,,,0,0,20,0,,0,,0,,2,,,,,,,,,,,,