duration,date,subjectcode,a,b,c,d,e,f,g,h,i,j,k,l,m,n,o,p,q,r,s,t,u,v,w,x,y,z,za,zb,zc,zd,ze,zf,zg,zh,zi,zj,zk,zl,zm,zn,zo,zp,zq,zr,zs,zt,zu,zv,check1,check2,check3,check4,check5,check6,check7,comments
98,8/6/20 19:24,R_2upt39ecA6YQ2kF,1,0,0,1,1,0,0,1,1,0,1,1,1,1,1,0,1,0,0,0,0,0,0,0,1,0,0,1,1,0,0,1,1,0,1,1,0,1,0,1,1,0,0,1,1,0,0,0,,,,1,,,,
202,8/6/20 19:25,R_yIvSIaITDtFfH0d,0,0,1,0,0,0,1,1,0,0,0,0,1,1,1,1,1,1,1,1,1,1,1,1,1,1,1,0,0,1,0,0,1,1,1,0,0,1,1,1,0,0,1,1,0,1,1,1,,,,,,,I am paying attention,No
181,8/6/20 19:26,R_11ddOaapH5rqTZC,0,0,1,0,0,0,1,0,0,0,1,0,0,0,0,1,1,0,0,0,0,0,1,0,0,1,0,1,0,1,0,0,0,1,0,0,0,0,0,1,0,0,0,1,0,0,0,1,,,,,,,I am paying attention ,
72,8/6/20 19:26,R_2t9U3fYzSszS0OY,0,1,1,1,1,1,1,0,0,1,1,1,1,0,1,1,1,0,1,1,1,1,0,1,0,0,0,0,0,0,0,0,0,0,0,1,0,1,1,0,1,0,0,0,0,0,1,0,,,,,,,I am paying attention,
209,8/6/20 19:26,R_3ssRjzsSRnyAnYs,0,0,1,1,0,0,1,0,0,1,0,0,1,1,1,1,1,0,0,0,1,0,0,1,1,1,1,1,0,1,0,0,1,1,1,0,0,0,0,1,0,1,1,1,0,1,1,1,,,,,,,I am paying attention,
97,8/6/20 19:26,R_Pvy4GxUXVaKfz45,0,0,0,1,0,0,1,0,0,0,1,1,0,1,1,1,0,0,1,1,1,0,1,1,1,1,1,0,1,1,1,0,1,1,1,1,0,1,1,1,0,1,1,1,1,0,1,0,,,,,,,I am paying attention,
145,8/6/20 19:26,R_2aXIFHwmPpYTLtE,0,0,1,1,0,0,1,1,0,0,1,1,1,0,1,1,0,0,1,1,0,1,1,0,0,0,0,1,0,0,1,1,1,0,1,1,1,0,1,0,0,0,1,1,0,1,0,1,,,,,,,I am paying attention,
218,8/6/20 19:26,R_Ojbs68hZX6wCXG9,1,0,0,0,0,0,1,0,1,0,0,1,1,0,1,1,0,1,0,0,0,0,1,1,0,1,1,0,0,1,0,0,0,1,0,0,0,0,1,1,1,0,0,0,1,1,0,1,,,,,,,I am paying attention,no
253,8/6/20 19:26,R_3suHKtcyDlLuTG7,0,1,1,0,0,1,1,0,1,1,0,1,1,1,1,1,1,1,0,0,1,1,1,1,1,1,1,1,0,1,1,0,1,1,1,1,0,1,1,1,0,1,1,1,1,1,1,1,,,,,,,I am paying attention,No
142,8/6/20 19:27,R_29hxzy6VjnXJz8I,0,0,0,0,1,1,1,1,0,0,0,0,0,1,1,0,1,1,1,1,1,1,0,0,0,0,1,0,0,1,0,1,0,1,0,1,1,0,0,1,0,0,1,1,1,1,1,1,,,,,,,I am paying attention,no
285,8/6/20 19:27,R_1CCwzMTbY4cPxCl,0,0,1,1,0,1,1,0,0,1,1,0,1,1,0,1,0,1,0,1,1,1,0,0,1,1,0,1,0,1,0,1,1,1,0,0,0,1,1,1,0,0,0,1,0,1,0,1,,,,,,,I am paying attention,No
285,8/6/20 19:27,R_ahOF8I6WO17KAPD,0,0,1,0,0,1,1,0,0,0,1,0,1,0,0,0,0,0,0,1,1,0,0,0,0,1,0,0,0,1,0,0,1,1,0,0,0,1,0,1,0,0,0,1,0,0,0,1,,,,,,,I am paying attention,No
249,8/6/20 19:27,R_2f7MpahQIL16GRZ,0,0,1,0,0,0,1,0,0,0,1,0,1,1,0,0,1,0,0,0,1,0,0,0,0,1,0,0,0,1,0,0,0,1,0,0,0,0,1,1,0,0,0,1,0,0,1,1,,,,,,,I am paying attention,
104,8/6/20 19:28,R_1Ny7F9mMPRTsw5Y,1,1,0,1,0,1,1,1,1,0,1,1,1,0,0,1,1,1,0,1,1,0,0,1,1,1,0,1,1,0,0,1,1,1,0,1,1,0,1,0,1,0,1,1,1,0,1,1,,,,,,,I am paying attention,
299,8/6/20 19:28,R_yIq6Es2jpWN9QCB,0,0,1,1,0,0,1,0,0,0,1,0,1,1,0,1,0,0,1,1,1,0,0,0,0,1,0,0,0,0,1,0,0,1,1,1,0,1,1,1,0,1,0,1,0,1,1,1,,,,,,,I am paying attention,N/A
324,8/6/20 19:28,R_40Dke1ohhlHGrLz,0,1,0,1,0,0,0,0,0,1,0,0,0,1,0,0,1,1,0,1,1,1,0,1,0,1,0,0,0,1,1,1,0,1,0,0,0,1,0,1,0,1,0,0,0,1,0,1,,,,,,,I am paying attention,no comments
342,8/6/20 19:28,R_31nrq81Tmal3eL8,0,0,1,1,0,0,1,0,0,0,1,0,1,0,0,0,1,0,0,0,1,0,0,1,0,1,0,0,0,1,0,0,0,1,1,0,0,0,1,1,0,0,0,1,0,0,1,1,,,,,,,I am paying attention,
337,8/6/20 19:28,R_1FgftzgvyGOE13b,0,0,1,0,0,1,0,0,0,0,0,0,1,1,1,0,1,1,1,0,0,0,1,0,0,1,0,0,0,0,1,0,0,1,0,0,0,1,1,1,0,0,0,0,0,0,0,1,,,,,,,I am paying attention,
245,8/6/20 19:28,R_3IWatBJoS9ny6vf,0,0,1,1,0,0,1,0,0,0,1,0,1,0,1,1,1,0,0,0,1,0,1,1,0,1,0,1,0,1,0,1,0,1,1,1,0,0,0,1,1,0,1,1,0,0,0,1,,,,,,,I am paying attention,nope
184,8/6/20 19:28,R_1eItft1jVCqvH8c,0,0,1,0,0,0,1,1,0,1,1,0,1,1,1,1,1,1,0,0,1,1,0,1,1,1,0,1,0,1,0,1,1,1,0,0,0,0,0,1,0,0,0,1,0,0,1,1,,,,,,,I am paying attention,no
224,8/6/20 19:28,R_263Xqa56nKW9gZj,0,0,1,1,0,1,1,0,0,1,1,0,1,0,1,1,1,0,0,1,1,0,1,1,1,1,1,1,1,1,0,0,0,1,1,1,0,1,1,1,0,1,0,1,0,1,1,1,,,,,,,I am paying attention ,
314,8/6/20 19:28,R_3EMZRsjGDZOdZ8g,0,0,1,1,1,0,1,0,0,0,1,0,1,0,1,0,1,0,1,0,1,0,1,0,0,1,1,0,0,1,1,0,1,1,1,0,0,0,1,1,0,1,1,1,1,0,1,1,,,,,,,I am paying attention,None
336,8/6/20 19:28,R_4TkL8Mk3frzpiEN,0,0,0,0,0,0,1,0,0,1,1,0,1,0,0,0,0,1,1,1,1,0,0,1,0,1,1,0,0,1,1,1,1,1,1,0,0,1,1,1,0,0,0,1,0,1,1,1,,,,,,,I am paying attention ,
290,8/6/20 19:28,R_1kHpIbzFCJFOmvu,0,0,1,0,0,0,0,0,0,0,0,0,1,0,0,0,1,0,0,0,1,0,0,0,0,1,0,0,0,0,1,0,0,1,0,0,0,0,0,1,0,0,0,1,0,0,0,1,,,,,,,I am paying attention,no
233,8/6/20 19:28,R_RCE22HSEeF0eTDP,0,1,0,0,1,1,0,0,0,0,0,0,0,1,0,0,1,1,1,1,1,1,1,0,0,1,0,0,0,1,0,0,1,1,1,0,0,0,1,1,0,1,0,0,0,0,1,1,,,,,,,I am paying attention,None
307,8/6/20 19:28,R_3hH1niLCJKOu3V8,0,0,0,0,0,1,1,0,0,0,1,0,1,1,0,0,1,1,1,0,1,1,1,1,0,1,0,0,0,1,0,0,0,1,1,0,0,0,1,1,0,0,0,0,0,0,0,1,,,,,,,I am paying attention,
185,8/6/20 19:28,R_2Pn8D5d9eiKFYrr,0,1,0,0,0,1,1,1,0,0,0,0,0,1,1,1,1,1,1,1,0,0,0,0,0,1,0,0,0,1,1,1,0,0,0,0,0,0,0,0,0,1,1,1,0,1,1,0,,,,,,,I am paying attention,
288,8/6/20 19:28,R_1ODovIadQgLf1xs,0,1,1,1,0,1,1,0,0,0,1,0,1,1,1,1,1,0,1,1,0,0,0,0,1,1,0,1,0,1,1,1,1,1,0,0,0,0,1,1,0,0,0,1,0,1,1,1,,,,,,,I am paying attention,no
236,8/6/20 19:28,R_2WGQYEFHEahKRkT,0,0,1,0,0,1,1,0,0,1,1,0,1,1,0,0,1,1,1,0,1,0,0,0,0,1,1,0,0,1,0,0,1,1,1,0,0,0,0,1,0,0,0,0,0,1,1,1,,1,,,,,,
231,8/6/20 19:28,R_1nNuGPBqcDZ0jFu,0,0,1,0,0,0,1,0,0,0,1,0,1,0,1,1,0,0,0,0,1,0,0,0,1,1,1,1,0,1,0,0,0,1,1,0,0,0,1,1,0,0,0,1,0,0,0,1,,,,,,,I am paying attention,
351,8/6/20 19:28,R_1InLzIPtCnUPHla,0,0,1,0,0,0,1,0,0,0,1,0,1,0,0,0,1,0,0,0,1,0,0,0,0,1,1,1,0,1,1,0,0,1,1,1,0,0,0,1,0,0,0,1,0,0,0,1,,,,,,,I am paying attention,no
388,8/6/20 19:28,R_2zYMVSKwDhrXHT3,0,0,1,1,0,0,1,0,0,0,0,0,1,1,1,0,1,0,0,1,1,1,1,1,1,1,1,0,0,0,0,0,1,1,0,0,0,1,1,1,0,0,1,1,0,1,1,1,,,,,,,I am paying attention,
336,8/6/20 19:28,R_1DSy4jgfzM0AtnO,0,0,1,1,0,1,1,0,0,0,1,0,1,1,1,1,1,1,0,1,1,1,1,1,1,1,1,1,0,1,0,1,1,1,1,1,0,1,1,1,0,0,1,1,0,1,1,1,,,,,,,I am paying attention,i thought it was a good survey
363,8/6/20 19:28,R_2YsLTkeDAtzXdCr,0,0,1,0,0,0,1,0,0,0,1,0,1,0,0,0,1,1,0,0,1,1,1,0,1,0,0,0,0,0,0,0,0,1,0,0,0,1,1,1,0,1,1,1,1,1,1,1,,,,,,,I am paying attention,The wording of the main question about fairness was a little difficult to understand.
216,8/6/20 19:29,R_2YRlTeBjJV34OrR,0,0,1,0,0,0,1,0,0,1,1,0,1,0,1,0,0,1,0,1,1,0,0,0,1,1,0,0,0,1,0,0,1,1,1,0,0,0,1,1,0,0,1,1,0,0,0,1,,,,,,,I am paying attention,
231,8/6/20 19:29,R_VLkWcxD8YBDyGVX,0,1,1,0,0,0,1,0,0,1,1,0,1,1,0,0,1,0,0,1,1,0,0,1,0,1,0,1,0,1,0,1,1,1,1,0,0,1,0,1,0,1,0,1,0,1,1,1,,,,,,,I am paying attention,No issues at all. Very interesting.
345,8/6/20 19:29,R_5hxWEkQDVMYBx6x,0,0,1,1,0,0,1,0,0,1,1,0,1,1,1,1,0,0,0,0,1,1,0,1,1,1,0,1,0,1,0,1,0,1,0,0,0,0,0,1,0,0,0,1,0,0,0,1,,,,1,,,,no
286,8/6/20 19:29,R_21teOGau7Y9Y6R6,0,0,1,1,0,1,1,0,0,0,1,0,1,1,1,1,1,0,0,0,1,1,1,1,1,1,1,1,0,1,1,1,1,1,1,1,0,0,0,1,0,1,0,1,0,1,0,1,,,,,,,Other,
420,8/6/20 19:29,R_3lMOBLWRtzoiaTX,0,0,1,0,0,0,1,0,0,0,1,0,1,0,0,0,0,0,0,0,1,0,0,0,0,1,0,0,0,1,0,0,0,1,0,0,0,0,0,1,0,0,0,0,0,0,0,1,,,,,,,I am paying attention,no
280,8/6/20 19:29,R_r0FBC4VYczjbm6J,0,0,1,0,1,0,1,0,0,0,0,0,1,1,1,0,1,1,1,1,1,1,1,1,1,1,1,0,0,1,0,0,1,1,0,0,0,1,1,1,0,0,1,1,0,0,1,1,,,,,,,I am paying attention,
207,8/6/20 19:29,R_BGiGY2u8uTNBtip,0,1,1,1,0,0,1,0,0,1,1,0,1,1,1,1,1,0,0,0,1,1,1,1,0,1,1,0,0,1,0,0,1,1,1,0,0,1,1,1,0,0,1,1,0,1,1,1,,,,,,,I am paying attention,"No, everything was clear."
288,8/6/20 19:29,R_3GrY3ZXJ17zfR7x,0,0,1,0,0,0,1,0,0,0,1,0,1,1,0,0,1,0,1,0,1,0,1,0,1,1,0,1,0,1,1,0,0,1,1,0,0,1,1,1,0,1,0,1,0,0,1,1,,,,,,,I am paying attention.,no
236,8/6/20 19:29,R_2al7BSTC1Bzv4Oq,0,1,1,1,0,1,1,0,0,0,1,0,0,1,0,0,0,1,1,0,1,1,1,0,0,1,1,1,0,1,0,0,0,1,0,0,0,0,1,1,0,0,0,1,0,1,1,1,,,,,,,I am paying attention,n/a
346,8/6/20 19:29,R_3gZ3DFGyLkHU41s,0,0,1,1,0,0,1,0,0,1,1,0,1,1,0,0,0,1,0,0,1,1,0,0,0,1,0,0,0,1,0,0,0,1,0,0,0,1,1,1,0,1,0,0,0,0,1,1,,,,1,,,,none
433,8/6/20 19:29,R_QayQQTI4QA42BSp,0,0,1,0,0,0,1,0,0,1,1,0,1,1,1,1,1,0,0,0,1,1,0,1,1,1,1,1,1,1,0,1,1,1,1,1,0,0,1,1,0,0,1,1,0,1,1,1,,,,,,,I am paying attention,Crowd Research / TurkPrime steals worker info and uses it to sell access to worker pools on MTurk.  We do not give them consent to do this and have no way to stop it.  They are the bottom of the ethical barrel.  Please do not use their services.
323,8/6/20 19:29,R_2VDeJ2zYx5xfxjj,0,0,0,0,0,0,1,0,0,0,1,0,0,0,1,1,0,0,0,0,1,0,0,0,0,1,0,0,0,1,0,0,0,1,0,0,0,0,1,1,0,0,0,0,0,0,1,1,,,,,,,I am paying attention,no
394,8/6/20 19:29,R_2Vxczdg9KhNyGpS,0,0,1,0,0,0,1,0,0,1,1,0,1,1,0,0,1,0,0,0,1,1,0,0,1,1,0,0,0,1,0,0,0,1,0,0,0,1,0,1,0,0,0,1,0,0,0,1,,,,,,,I am paying attention,
370,8/6/20 19:29,R_3pbSxgEuFsha3ot,0,0,1,1,1,1,1,0,0,1,1,0,1,0,0,1,1,0,0,1,1,0,0,1,1,1,0,1,0,1,0,0,0,1,0,0,0,0,0,1,0,0,0,1,0,0,1,1,,,,,,,I am paying attention,no
359,8/6/20 19:29,R_3EA2g141rdA6tcH,0,0,1,0,0,0,1,0,0,0,0,0,1,1,1,0,0,0,0,0,1,1,0,0,1,1,0,0,0,1,0,0,0,1,1,0,0,1,1,1,0,0,0,0,0,0,1,1,,,,,,,I am paying attention,no
364,8/6/20 19:29,R_3q8rwqorSVZURAe,0,1,1,1,0,0,0,0,0,0,0,0,0,1,0,0,0,1,1,0,0,1,1,0,0,1,1,0,0,1,0,0,0,1,0,0,0,0,0,0,0,1,0,1,0,1,1,1,,,,,,,I am paying attention,No I think I understood it all fine.
316,8/6/20 19:29,R_2UYHOa53RfXAwrV,0,0,1,1,0,1,1,0,0,1,1,0,1,0,0,1,0,0,0,0,1,0,0,0,1,1,0,1,0,1,0,1,1,1,0,1,0,1,0,1,0,1,0,1,0,1,0,1,,,,,,,I am paying attention,no
314,8/6/20 19:30,R_1eqN8XLmn8drLsR,0,0,1,0,0,1,1,0,0,1,1,1,1,0,1,1,0,0,1,0,1,1,1,1,1,1,0,1,0,1,1,1,1,1,1,1,0,1,1,1,0,0,0,1,0,1,1,1,,,,,,,I am paying attention,It was not confusing or unclear. It was interesting. Thanks for asking for feedback!
306,8/6/20 19:30,R_1Cwp5ZBOf2HJn02,0,0,1,1,1,1,0,1,0,0,1,0,1,1,0,0,1,1,0,0,1,0,0,0,0,1,0,1,0,1,0,1,0,1,0,1,0,1,0,1,0,0,0,1,0,0,1,1,,,,,,,I am paying attention,no problems
383,8/6/20 19:30,R_2b2YWhGW7UXTJhF,0,0,1,0,0,0,1,0,0,0,1,0,1,1,0,0,1,0,0,1,1,0,0,0,1,1,0,0,0,1,0,0,1,1,1,0,0,1,1,1,0,0,0,1,0,1,1,1,,,,,,,I am paying attention,"Good luck with your study! Sometimes I wasn't sure if the action would cause emotional damage or if emotional damage is considered ""hurting"" someone..."
325,8/6/20 19:30,R_3qqG4EjAZ8Oiy1J,0,0,1,0,0,0,1,0,0,0,1,0,1,0,0,0,1,0,0,1,1,0,0,0,1,1,0,0,0,1,0,0,0,1,0,0,0,1,0,1,0,0,0,0,0,0,0,1,,,,,,,I am paying attention ,no
383,8/6/20 19:30,R_129YP8FybIHNaTQ,0,0,0,0,0,0,1,0,0,0,1,0,0,0,0,0,1,0,0,1,1,1,0,1,0,1,0,1,0,1,0,0,0,1,0,0,0,0,0,1,0,0,0,1,0,0,0,1,,,,,,,I am paying attention,None
316,8/6/20 19:30,R_3JLveR6rBV04TaJ,0,1,1,1,1,1,1,0,0,1,1,0,1,0,0,1,1,1,0,1,1,1,1,1,1,1,0,1,0,0,0,0,1,1,1,1,0,1,1,1,0,1,1,1,0,1,1,1,,,,,,,I am paying attention,no
314,8/6/20 19:30,R_uqXxPcfg5kQc8b7,0,0,0,0,1,1,1,0,1,1,1,0,1,1,0,0,1,1,0,0,0,0,0,0,1,0,0,0,0,0,0,0,0,0,0,0,0,0,0,0,0,0,0,0,0,0,0,0,,,,,,,I am paying attention,none
475,8/6/20 19:30,R_1jOGCs286YcVrzM,0,0,1,0,0,1,1,1,0,1,1,1,1,1,1,0,1,1,1,1,1,1,1,1,1,1,1,1,0,0,0,0,1,1,1,1,0,1,1,1,0,1,1,1,0,1,1,1,,,,,,,I am paying attention,na
303,8/6/20 19:30,R_25L6wRhU2MMYkDM,0,0,1,1,0,0,1,0,0,0,0,0,0,1,0,0,1,0,0,0,0,0,0,0,0,1,0,0,0,1,0,0,0,1,0,0,0,0,0,1,0,0,0,1,0,0,0,1,,,,,,,I am paying attention,
434,8/6/20 19:31,R_1mh32Dqq5gadJhL,0,0,1,0,0,0,1,0,0,0,0,0,1,0,0,0,1,1,1,0,1,0,1,0,1,1,0,1,0,1,0,0,1,1,0,0,0,1,1,1,0,0,0,1,0,0,1,1,,,,,,,I am paying attention,The survey seemed clear to me. No additional questions or comments.
118,8/6/20 19:31,R_s6d4pcXCCo2PHMt,0,1,0,0,0,0,0,1,1,0,0,0,0,1,0,1,0,0,1,0,1,1,1,1,0,0,0,0,0,0,1,0,0,1,1,1,1,1,1,1,0,0,0,0,0,1,0,0,,,,,,,I am paying attention,None
372,8/6/20 19:31,R_1BVLisSm4MIJcSM,0,0,1,0,0,1,1,0,0,0,0,0,1,1,0,0,0,1,1,0,1,1,1,0,0,1,0,0,0,1,0,0,0,1,0,0,0,1,1,1,0,1,1,1,0,1,1,1,,,,,,,I am paying attention,
375,8/6/20 19:31,R_3OejZ3a6GtvkLAE,0,0,1,1,0,0,1,0,0,1,1,0,1,1,0,0,0,0,0,0,1,1,0,0,0,1,0,0,0,1,0,0,0,1,0,0,0,0,0,1,0,0,0,1,0,0,0,1,,,,,,,I am paying attention,No
239,8/6/20 19:31,R_xhlhGlP0bm8GLex,0,1,1,1,0,0,1,0,0,0,0,0,0,1,0,1,1,1,1,0,1,1,0,1,1,1,0,1,0,1,0,1,0,1,0,0,0,1,0,1,0,0,0,1,0,1,1,1,,,,,,,I am paying attention,No
511,8/6/20 19:31,R_1YdPeIJZdtR86Od,0,1,0,1,0,0,1,0,1,0,0,0,1,1,0,1,1,0,0,1,1,0,0,0,1,0,0,0,0,1,0,0,1,1,0,0,1,0,1,0,0,0,1,0,0,0,0,1,,,,,,,I am paying attention,
427,8/6/20 19:31,R_2TzAZYl3FOc95jt,0,0,1,1,0,0,1,0,0,1,1,0,1,1,0,1,0,0,0,0,1,0,0,1,1,1,0,1,0,1,0,1,1,1,0,1,0,0,1,1,0,0,0,1,0,0,0,1,,,,,,,I am paying attention,Nothing
333,8/6/20 19:31,R_29dfecnPhbefPcC,0,0,0,0,0,1,1,0,0,0,0,0,1,1,1,1,1,1,1,1,1,1,1,1,1,1,1,0,1,1,1,0,1,1,1,0,1,1,1,1,1,1,1,1,1,1,1,1,,,,,,,I am paying attention,no
455,8/6/20 19:32,R_2frDzgZfMWFzLEb,0,1,1,0,0,0,1,0,0,0,1,0,1,0,1,0,0,0,0,1,1,0,1,0,1,1,0,0,1,1,0,0,1,1,1,0,0,0,1,1,0,0,1,1,1,1,1,1,,,,,,,I am paying attention,No this was a fine survey
450,8/6/20 19:32,R_2pPozHqBPCVupvg,0,0,1,1,0,0,1,0,0,1,1,0,1,0,0,1,1,1,0,1,1,0,1,1,1,1,0,1,0,1,0,1,1,1,0,1,0,1,1,1,0,0,0,1,0,1,1,1,,,,,,,I am paying attention,no
372,8/6/20 19:32,R_1KxOLjgPwsKznpT,0,0,1,0,0,0,1,0,0,0,0,0,1,1,1,0,1,1,0,0,1,0,0,0,0,1,0,1,0,1,0,0,0,1,0,0,0,1,1,1,0,1,0,1,0,1,1,1,,,,,,,I am paying attention,No
590,8/6/20 19:32,R_2pJBNtwIvg9mYll,0,0,1,0,0,1,1,0,1,0,0,1,1,1,1,0,0,0,0,0,1,0,0,0,0,1,0,0,0,1,0,0,0,0,1,1,0,1,1,1,0,0,0,1,0,1,1,1,,,,,,,I am paying attention,Nope. Thank you!
488,8/6/20 19:32,R_1LYyhv3kJIpWaC0,0,1,1,1,0,0,1,0,0,1,1,0,1,1,1,1,1,1,1,1,1,1,0,1,1,1,0,0,0,1,0,0,1,1,1,1,0,1,1,1,0,1,1,1,0,1,1,1,,,,,,,I am paying attention,no
466,8/6/20 19:32,R_OGLfRRIyRce8JXj,0,0,1,0,0,1,1,0,0,0,1,0,1,0,0,0,1,0,0,0,1,0,0,1,0,1,0,0,0,1,0,0,0,1,0,0,0,0,1,1,0,0,1,1,0,0,1,1,,,,,,,I am paying attention,no comments
506,8/6/20 19:32,R_3NKfjPPqZYooOvq,0,1,1,0,0,0,1,0,0,1,0,0,1,1,1,0,1,0,0,1,1,1,0,0,0,1,0,0,0,0,0,0,0,1,0,0,0,0,1,1,0,1,1,1,0,1,1,1,,,,,,,I am paying attention,
501,8/6/20 19:32,R_3pnWCsefRz61QOE,0,1,0,0,0,0,1,1,0,1,1,1,0,1,1,0,0,0,1,1,1,0,0,1,1,0,0,1,0,1,0,1,0,1,0,1,1,0,0,1,1,0,0,1,0,1,1,0,,,,1,,,,N/A
567,8/6/20 19:32,R_3CLq3QyJSNoe6e5,0,1,1,1,0,1,1,0,0,1,0,0,1,1,0,0,1,1,0,1,1,1,0,0,0,1,0,0,0,1,0,0,0,1,0,0,0,1,1,1,0,0,0,0,0,1,0,1,,,,,,,I am paying attention,no
393,8/6/20 19:32,R_dcYJb411ytkrZzX,0,0,0,0,0,0,0,0,0,0,0,0,0,0,0,0,0,0,0,0,0,0,0,0,0,0,0,0,0,1,0,1,0,0,0,0,0,0,0,1,0,0,0,0,0,0,0,1,,,,,,,I am paying attention,I have nothing more to add.
324,8/6/20 19:32,R_2OI1AMqp0IHLhbG,0,0,1,0,0,0,1,0,0,0,0,0,1,1,0,1,0,0,0,0,1,1,0,1,0,1,0,1,0,1,0,0,0,1,1,1,0,0,1,1,0,0,0,1,0,1,1,1,,,,,,,I am paying attention,Everything was clear
455,8/6/20 19:33,R_1dcRrTIweSO9VgS,0,0,1,0,0,0,0,0,0,0,1,0,1,1,1,0,0,1,1,0,1,1,1,1,0,1,0,0,0,1,1,0,1,1,1,0,0,0,1,1,0,0,0,0,0,1,1,1,,,,,,,I am paying attention ,No
514,8/6/20 19:33,R_2cjPGdkWYQee3xZ,0,1,1,0,1,1,1,0,0,1,1,0,1,1,1,0,1,1,1,1,1,1,1,0,0,1,1,0,0,1,0,0,1,1,1,0,0,1,1,1,0,0,1,1,0,0,1,1,,,,,,,I am paying attention,No
605,8/6/20 19:33,R_2fBUrRWyDJpdRIo,0,0,0,0,0,0,0,0,0,1,0,0,1,1,0,0,0,0,0,0,1,0,0,0,1,1,0,0,0,1,0,0,1,1,0,0,0,0,0,1,0,1,0,1,0,0,0,1,,,,,,,I am paying attention,No
652,8/6/20 19:33,R_pFcrJGhf9ul2XpT,0,0,1,1,0,0,1,0,0,0,1,0,0,1,0,1,0,1,0,1,1,0,0,1,1,1,0,1,0,1,0,0,0,1,0,0,0,0,0,1,0,0,0,1,0,0,1,1,,,,,,,I am paying attention,I enjoyed doing this survey. It is a different twist on the type I usually do. Everything worked fine and there was nothing confusing.
618,8/6/20 19:33,R_3G9rSYVHJ5F2RoJ,0,0,1,0,0,0,1,0,0,0,1,0,1,0,0,0,1,0,0,1,1,0,0,0,1,1,0,0,0,1,0,0,1,1,0,0,0,0,1,1,0,0,0,1,0,0,1,1,,,,,,,I am paying attention,Nothing confusing; everything clear and concise.
495,8/6/20 19:33,R_3DkcDhwDyiYKOdE,0,0,1,0,0,1,1,0,0,1,1,0,1,1,0,0,1,1,0,0,1,1,0,0,1,1,1,0,0,1,1,0,1,1,1,0,0,1,0,1,0,0,0,1,0,0,0,1,,,,,,,I am paying attention,"I was unclear as to whether or not harming someone meant physical or emotional harm. Starting out, I also might have been a little more strict in my answers--seeing ways that more of the choices could have applied to the different scenarios. I might have overthought it."
611,8/6/20 19:33,R_3J2baLUgS93eexH,0,0,1,0,0,0,1,0,0,0,1,0,1,0,0,0,1,0,0,0,1,0,0,0,0,1,0,0,0,1,0,0,1,1,0,0,0,0,0,1,0,0,0,1,0,0,0,1,,,,,,,I am paying attention,None
363,8/6/20 19:34,R_3gUk46tllhwz1Wr,0,0,1,0,0,0,1,0,0,0,1,0,1,1,0,1,1,1,0,0,1,1,0,1,1,1,0,1,0,1,0,0,1,1,0,0,0,1,1,1,0,0,0,1,0,0,0,1,,,,,,,I am paying attention,
655,8/6/20 19:34,R_pF56fs5UaNO5pQt,0,0,1,1,0,1,1,0,0,0,0,0,1,1,1,1,1,1,0,0,1,1,0,0,0,1,0,1,0,1,0,0,0,1,0,0,0,0,1,1,0,1,0,1,0,0,1,1,,,,,,,I am paying attention ,
283,8/6/20 19:34,R_2dEFLbbTbKBkfEa,0,0,1,0,0,0,1,0,0,0,1,0,1,0,0,0,0,1,0,0,1,0,1,0,0,1,0,0,0,0,0,0,1,1,0,0,0,1,1,1,0,0,1,1,0,0,0,1,,,,,,,I am paying attention,
546,8/6/20 19:34,R_1FQejisqEuarNao,0,0,1,0,0,1,1,0,0,1,0,0,1,1,1,0,1,0,0,0,1,0,0,0,1,1,0,0,0,1,1,0,1,1,0,0,0,1,0,1,0,1,1,0,0,1,1,1,,,,,,,I am paying attention ,No.
679,8/6/20 19:34,R_2Sqsx9C8uwBNUdY,0,0,1,0,0,0,1,0,0,0,1,0,1,0,1,0,1,0,0,0,1,0,1,1,1,1,0,0,0,1,0,0,1,1,1,0,0,1,1,1,0,0,0,1,0,0,0,1,,,1,,,,,no
622,8/6/20 19:34,R_1k0K7OommR7dYEP,0,0,1,1,0,0,1,0,0,0,1,0,0,0,1,0,0,1,1,1,0,1,0,1,0,1,1,0,0,1,0,0,0,1,1,0,0,1,1,1,0,0,0,1,0,1,1,1,,,,,,,I am paying attention,
753,8/6/20 19:35,R_1dKBQFpctMX7J2t,0,0,1,0,0,0,1,0,0,0,1,0,0,0,0,1,1,0,0,0,0,0,0,1,0,0,0,1,0,1,0,0,1,0,0,0,0,0,0,1,0,0,0,1,0,0,0,1,,,,,,,I am paying attention,Good survey about finding which factors influence social judgment & decision-making. Thanks!!
429,8/6/20 19:35,R_1gikxkbFofgdk7m,0,1,1,1,0,0,1,0,0,1,1,0,1,1,1,0,1,1,0,0,1,1,1,0,0,1,1,0,0,1,0,0,1,1,1,0,0,1,1,1,0,0,0,0,0,1,0,1,,,,,,,I am paying attention,
324,8/6/20 19:36,R_DepLWqY2QPyJGLf,0,0,1,1,1,0,1,1,0,1,1,1,0,1,0,1,1,1,1,1,1,1,0,0,1,1,1,1,0,0,0,1,1,1,1,1,0,0,0,1,1,1,1,1,1,1,1,1,,,,,,,I am paying attention,"thank you for the opportunity, easy to access, no glithces. but holy cow, my brain hurts, it wasnt that it was hard to comprhend, but when making an arguement or case for a scenario, it is so 50/50 about everything, ugh. i did try my best though.  thanks again!!"
537,8/6/20 19:36,R_1jGHBny4Ri8Tdkx,0,0,1,0,1,1,1,0,0,1,1,0,1,0,0,0,1,1,0,0,1,1,0,0,1,1,0,0,0,1,0,1,1,1,1,0,0,1,1,1,0,0,0,1,0,0,0,1,,,,,,,I am paying attention,No
281,8/6/20 19:36,R_2WU2JKi9jZsey2y,0,0,1,0,0,0,1,0,0,0,1,0,1,0,1,1,1,0,1,1,1,0,0,1,1,0,1,1,0,0,0,0,0,0,1,0,0,0,1,1,0,0,0,1,0,0,0,1,,,,,,,I am paying attention,
689,8/6/20 19:36,R_sz31nB8SrnnZKKJ,0,0,0,0,0,0,1,0,0,0,0,0,1,0,0,0,1,1,0,1,1,0,0,0,1,1,1,0,0,1,1,1,0,1,1,1,0,1,1,1,0,0,0,0,0,1,1,1,,,,,,,I am paying attention,
647,8/6/20 19:37,R_2EEQrkDDq0Hs89x,0,0,1,0,0,0,1,0,0,0,1,0,1,1,1,1,0,0,0,0,1,0,0,0,1,1,1,1,0,1,0,0,0,1,1,0,0,0,1,1,0,0,1,1,0,0,1,1,,,,,,,I am paying attention,
680,8/6/20 19:37,R_D81cflgCuYWHKXD,0,0,1,0,0,0,1,0,0,0,1,0,1,0,0,1,1,0,0,0,1,0,0,1,0,1,0,1,0,1,0,1,1,1,0,1,0,1,0,1,0,0,0,1,0,0,0,1,,,,,,,I am paying attention,No problems understanding the questions.
170,8/6/20 19:39,R_XNX0UoNfgjcM6ch,0,1,1,1,0,1,1,0,0,1,1,0,1,1,1,1,1,1,1,0,1,1,0,1,1,1,0,1,1,1,0,1,1,1,0,0,0,1,1,1,1,1,1,1,0,1,1,1,,,,,,,I am paying attention,Thanks
886,8/6/20 19:39,R_3kkbrTSVxFGDjVK,0,0,1,1,0,1,1,1,0,0,1,0,1,0,1,0,0,0,0,1,1,1,1,1,0,1,0,0,0,1,0,0,0,1,1,1,0,0,1,1,0,0,0,1,0,1,1,1,,,,1,,,,
955,8/6/20 19:40,R_22VufAOAUXx07u6,0,0,0,0,0,0,0,0,0,0,0,0,0,1,0,0,0,0,0,0,1,1,0,0,0,1,0,0,0,0,0,0,0,1,0,0,1,1,0,0,0,0,0,0,0,1,0,1,,,,,,,I am paying attention,
790,8/6/20 19:40,R_2t3ZtZmCFb1uyxk,0,0,0,1,0,0,1,0,1,1,1,0,1,1,0,0,0,1,1,0,1,1,0,1,0,0,1,1,1,0,1,0,1,0,0,1,1,0,1,0,1,1,0,1,0,0,1,1,,,,,,,I am paying attention,
449,8/6/20 19:40,R_1dAzpEx87Q8YqLG,0,1,1,0,0,0,1,1,1,0,1,0,0,0,1,1,0,1,0,0,0,1,1,1,0,1,1,0,0,0,1,1,1,1,0,0,0,0,1,0,0,1,1,1,0,0,1,1,,,,,,,I am paying attention,
308,8/6/20 19:41,R_ps1vxA34WMURPu9,0,1,1,0,0,1,1,0,0,0,1,0,1,1,1,1,1,1,0,1,1,1,1,1,1,1,0,1,0,1,0,1,1,1,1,1,0,1,1,1,0,1,1,1,0,0,1,1,,,,,,,I am paying attention,No
929,8/6/20 19:41,R_1Fx0F3pLGY9rM1X,0,0,1,0,0,0,1,0,0,1,0,0,0,0,0,0,1,0,0,0,1,1,0,0,0,1,0,0,0,1,0,0,0,1,0,0,0,0,0,1,0,0,0,1,0,0,1,1,,,,,,,I am paying attention,No.
853,8/6/20 19:41,R_3pfBz42wFgZtoGM,0,1,1,0,1,1,1,0,0,0,1,0,1,1,1,0,1,0,0,0,1,1,1,0,0,1,0,0,0,1,0,0,0,1,1,0,0,1,1,1,0,1,1,0,0,1,1,1,,,,,,,I am paying attention,Everything about the survey was clear.
993,8/6/20 19:42,R_2WPudBpe4rEdKD2,0,0,1,0,0,0,0,0,0,1,0,0,0,0,0,0,0,1,0,1,1,0,0,1,0,0,0,0,0,0,0,0,0,1,0,1,0,0,1,1,0,0,0,0,0,0,0,1,,,,,,,I am paying attention,
174,8/6/20 19:42,R_DStD78xu3Tkc3nj,0,0,1,0,0,0,1,0,0,0,1,1,1,0,0,1,0,0,0,0,1,1,0,0,0,1,0,0,0,1,0,0,0,1,0,0,0,0,0,1,0,0,0,1,0,0,0,1,,,,,,,I am paying attention,no
670,8/6/20 19:43,R_CkRs29iRuR1GC77,0,0,1,0,0,0,1,0,0,1,0,0,0,1,1,1,1,0,0,0,1,0,0,0,0,1,0,0,0,1,0,0,0,1,0,1,0,0,0,1,0,0,0,1,0,0,0,1,,,,,,,I am paying attention,None.
1266,8/6/20 19:44,R_Rzv6yliiQel53gt,0,0,1,0,0,1,1,0,0,1,0,0,0,0,0,1,0,1,1,0,1,1,1,1,1,1,1,1,0,1,1,1,1,1,1,1,1,1,1,1,1,0,1,1,1,1,1,1,,,,,,,I am paying attention,n/a
1244,8/6/20 19:45,R_ReoYQOCib5ZIdb3,0,0,0,0,0,0,0,0,0,0,1,0,1,0,1,1,1,1,1,0,1,1,1,1,0,1,1,1,0,1,1,0,0,1,1,0,0,1,1,1,0,1,1,1,0,0,1,1,,,,,,,I am paying attention,The survey was very clear.
168,8/6/20 19:45,R_2w6NkZqGs7t1W2c,0,1,0,1,0,1,0,1,0,1,0,1,0,1,0,1,0,1,0,1,0,1,0,0,1,0,1,0,0,1,1,1,0,1,0,1,1,0,1,0,1,1,0,1,0,1,0,1,,,,,,,I am paying attention ,nothing 
512,8/6/20 19:45,R_1K7Tlgkyo0ZV4RU,0,0,0,1,0,0,0,1,0,1,0,0,1,0,0,1,0,0,0,0,1,0,0,0,0,0,0,0,0,1,0,1,0,1,0,1,0,0,0,1,0,0,0,1,0,0,0,1,,,,,,,I am paying attention,no
313,8/6/20 19:46,R_3fy3JxKDzt1Ta1I,0,0,0,0,0,0,1,0,0,0,1,1,1,1,0,0,0,0,0,0,1,1,0,1,1,1,1,1,0,1,1,1,1,1,1,1,0,1,1,1,1,0,0,1,1,1,1,1,,,,,,,I am paying attention,
568,8/6/20 19:46,R_1JX8TfyaRNFo8II,0,0,0,0,1,1,1,1,1,1,1,1,0,0,0,0,1,1,1,1,1,0,0,0,0,0,0,1,1,1,1,1,1,1,1,1,1,0,1,1,1,1,1,1,1,1,1,1,,,,,,,I am paying attention,no
262,8/6/20 19:46,R_RP5Hsa9O0HdmdLr,0,0,1,0,0,0,1,0,0,1,0,0,1,1,1,1,1,1,0,1,1,0,1,1,1,1,0,1,0,1,0,0,1,1,0,0,0,1,1,1,0,0,0,1,0,0,0,1,,,,,,,I am paying attention,no
254,8/6/20 19:47,R_3nBnBnem4BPDqEy,0,0,1,1,0,0,0,0,0,0,0,0,0,0,0,0,0,0,0,0,1,0,0,0,0,1,0,0,0,1,0,0,0,1,1,0,0,0,0,1,0,0,0,1,0,0,0,1,,,,,,,I am paying attention,
1585,8/6/20 19:48,R_3Eu4VMBSMYtC13n,0,0,1,1,0,0,1,0,0,0,0,0,1,1,0,1,0,0,0,0,1,0,0,0,1,0,0,1,0,1,0,0,0,0,1,0,0,1,0,1,0,0,0,1,0,1,1,1,,,,,,,I am paying attention,NO
282,8/6/20 19:48,R_3pnKygNQxj6d0Vl,0,0,1,1,0,1,1,0,0,1,0,0,1,1,1,0,1,1,0,1,1,1,1,1,1,1,0,1,0,1,0,1,0,1,0,0,0,1,1,1,0,1,1,1,0,1,1,1,,,,,,,I am paying attention,nothing was unclear
1484,8/6/20 19:49,R_1CEmhKevfN1Hp2k,0,0,1,0,0,0,1,0,0,1,1,0,1,0,0,0,0,0,0,0,1,0,0,1,0,1,0,0,0,1,0,0,0,1,0,0,0,0,0,1,0,0,0,0,0,0,0,1,,,,,,,I am paying attention,no issues
254,8/6/20 19:51,R_21yXKYx1D11SQ4F,0,0,1,0,0,0,1,1,0,0,1,0,1,0,1,1,0,1,0,1,1,0,0,1,1,1,0,1,0,1,0,1,0,1,1,1,0,0,1,1,0,0,1,1,0,1,1,1,,,,,,,I am paying attention,
84,8/6/20 19:52,R_3FOtD1LEmsbsKXr,0,1,0,1,1,0,1,0,0,1,1,0,0,1,0,0,1,1,0,1,1,1,1,0,1,1,0,0,0,1,0,1,1,1,1,1,0,1,0,1,1,0,1,1,0,1,0,1,,,,,,,I am paying attention,no
459,8/6/20 19:53,R_1MX9DNoukE4DBkm,0,0,0,0,0,0,1,0,0,0,0,0,0,1,0,0,0,1,1,1,0,0,0,1,0,1,0,1,0,1,0,1,0,1,0,0,0,0,1,1,0,0,0,1,0,0,0,1,,,,,,,I am paying attention,
335,8/6/20 19:53,R_1mqjG5AggJjUbgp,0,0,1,1,0,0,1,0,0,0,1,0,0,0,1,0,0,0,0,0,0,0,0,0,0,1,0,0,0,1,0,1,0,1,1,1,0,0,1,1,0,0,0,1,0,0,0,1,,,,,,,I am paying attention,
557,8/6/20 19:55,R_pQag03F3YxmcVpv,0,0,1,1,0,0,1,0,0,0,1,0,1,0,1,1,1,1,0,1,1,1,0,1,0,1,0,0,0,1,0,1,1,1,1,1,0,1,1,1,0,0,1,1,0,0,1,1,,,,,,,I am paying attention,
969,8/6/20 20:00,R_1jeJ6bsGHm8VC5Z,0,0,1,0,0,0,1,0,0,1,0,0,1,0,0,0,1,1,0,0,1,1,0,1,1,1,0,1,0,1,0,0,1,1,0,1,0,1,0,1,0,1,0,0,0,0,0,1,,,,,,,I am paying attention,
811,8/6/20 20:00,R_2ta43taRzD5jmlk,0,0,1,0,0,0,1,0,0,0,0,0,0,1,0,0,0,0,0,0,1,0,0,0,0,1,0,0,0,1,0,0,0,1,0,0,0,1,0,1,0,1,0,0,0,0,0,1,,,,,,,I am paying attention,N/A
1856,8/6/20 20:00,R_3MoFrf3LNlVzVMz,0,1,1,0,0,1,1,0,0,1,1,0,1,1,1,1,0,0,0,0,1,1,1,1,1,1,1,1,0,1,1,1,1,1,1,1,0,1,1,1,0,1,1,1,1,1,1,1,,,,,,,I am paying attention,none
310,8/6/20 20:03,R_3Ma3o5Es0lfLZin,0,0,1,0,0,1,1,0,0,1,1,0,1,0,0,0,0,0,0,0,1,0,0,0,0,1,0,1,0,1,0,1,0,1,0,1,0,1,0,1,0,0,0,1,0,1,0,1,,,,,,,I am paying attention,no
2719,8/6/20 20:12,R_3NUjExHP09MxZI9,0,0,1,1,0,0,1,0,0,0,1,0,1,1,0,1,0,0,0,0,1,0,0,1,0,1,0,1,1,1,0,1,0,1,0,1,0,1,1,1,0,1,0,1,0,0,0,1,,,,1,,,,
640,8/6/20 20:32,R_2zYg5llQ0BlRVBb,0,0,1,0,0,0,1,0,0,0,1,0,0,1,0,0,1,1,0,0,1,1,1,0,1,1,1,0,0,0,0,0,0,1,1,0,0,1,1,1,0,1,1,1,0,1,1,1,,,,,,,I am paying attention,None
494,8/6/20 20:35,R_2RQ9LUoEUkj3Oc0,0,0,1,0,0,0,1,0,0,0,1,0,1,0,0,0,0,0,0,1,1,1,1,1,0,1,0,0,0,1,1,0,0,1,1,0,0,0,1,1,0,0,0,1,0,0,1,1,,,,,,,I am paying attention,"There was not many things that were confusing, but I did initially misread the option that talked about how that person could have helped more people."
348,8/6/20 20:38,R_1P7VReXEZN18dTZ,0,0,1,0,0,0,1,0,0,0,1,0,0,1,0,0,1,0,0,0,1,0,0,0,0,1,0,0,0,1,0,0,0,1,0,0,0,0,0,1,0,1,0,1,0,0,0,1,,,,,,,I am paying attention,no
2208,8/6/20 20:40,R_1QJvSCiWBeOxByO,1,0,0,1,0,1,0,1,0,0,1,0,1,1,0,0,1,1,0,1,1,0,0,1,1,1,0,1,0,1,0,1,1,1,0,1,0,1,1,1,0,0,0,1,0,1,0,1,,,,,,,I am paying attention,All clear
624,8/6/20 20:44,R_3el835FiNsp8wtl,1,0,0,0,1,0,1,1,1,0,1,0,0,0,0,0,0,0,0,0,0,0,0,0,1,0,0,0,1,0,0,0,1,0,0,0,0,0,0,0,0,0,0,0,0,1,1,1,,,,,,,I am paying attention,Nothing
394,8/6/20 20:53,R_2bW2SZHiJpQKyBs,0,0,1,0,0,0,1,0,0,1,1,1,1,0,0,1,0,0,0,0,1,0,0,0,0,1,0,0,0,0,0,0,0,1,0,0,0,0,1,1,0,0,0,0,0,0,0,1,,,,,,,I am paying attention,"Nothing was confusing or unclear, no other questions or comments."
1444,8/6/20 21:01,R_1Q9qxGQtcisdiMi,0,0,1,1,0,0,1,0,0,0,1,0,1,0,0,1,1,0,0,0,1,0,0,1,1,1,0,0,0,1,0,0,1,1,0,1,0,0,0,1,0,0,0,1,0,1,0,1,,,,,,,I am paying attention,I thought some of the reasons (convincing arguments) were difficult to match to the scenarios. 
353,8/6/20 21:10,R_3G7Yjb2teun1FvD,0,0,0,0,0,0,1,1,0,0,1,0,0,1,1,1,1,1,0,1,0,1,1,1,1,1,0,1,0,0,0,0,1,1,0,1,0,1,0,0,1,1,1,1,1,1,1,1,,,,,,,i am paying attention,everything is clear
728,8/6/20 21:12,R_2f0Aab6XL48kjVX,0,0,1,1,0,0,1,0,0,1,1,0,1,0,0,0,0,0,0,0,1,0,0,0,0,1,0,0,0,1,0,0,0,1,0,0,0,1,0,1,0,1,0,1,0,0,0,1,,,,,,,I am paying attention,
278,8/6/20 21:15,R_20ZN3FfZYLKNB7q,0,1,1,0,0,1,1,0,0,0,0,0,1,1,0,1,1,1,0,0,1,0,0,0,0,1,0,0,0,1,0,0,0,1,0,0,0,1,0,1,0,0,0,1,0,1,0,1,,,,,,,I am paying attention,Everything was good
387,8/6/20 21:30,R_ueQPAJtcyllrT57,0,1,1,0,0,0,1,0,0,1,1,0,1,0,0,0,1,1,0,1,1,0,0,1,0,0,0,0,0,1,1,1,1,1,1,1,0,1,0,1,0,0,0,1,0,1,0,1,,,,,,,I am paying attention,No
491,8/6/20 21:32,R_AchfvqC0LOZCv7z,0,0,1,0,0,0,1,0,0,0,1,0,1,0,0,1,1,0,0,1,1,0,0,0,0,1,0,1,0,1,0,0,0,1,0,0,0,0,0,1,0,0,0,1,0,0,0,1,,,,,,,I am paying attention,all clear!
452,8/6/20 21:37,R_3lPIbIfXrWAC1Tb,0,0,1,0,1,1,1,0,0,1,0,0,0,1,0,0,1,1,1,0,1,1,1,0,0,1,0,0,0,1,0,0,0,1,0,0,0,1,1,1,1,0,1,1,1,1,1,1,,,,,,,I am paying attention,no
383,8/6/20 21:38,R_1PZCFsfTcDJ1o9E,0,1,1,1,0,1,1,1,0,1,1,0,1,0,1,0,1,0,0,1,1,1,1,0,0,1,0,0,0,1,0,1,1,1,0,0,0,1,1,1,0,0,1,1,1,1,1,1,,,,,,,I am paying attention,
631,8/6/20 21:50,R_2tyFqf3P9Biywj6,1,1,1,1,0,1,1,0,0,0,0,0,1,1,1,1,0,0,1,0,1,1,1,1,0,1,0,0,1,1,1,0,1,1,1,1,0,1,1,1,0,1,1,1,1,1,1,1,,,,,,,I am paying attention,
356,8/6/20 22:14,R_3oMdcMRm6JeF57q,0,0,1,0,1,0,1,0,0,0,1,0,1,0,1,1,1,0,0,1,1,0,0,0,0,0,0,0,0,1,0,0,0,1,1,0,0,0,1,1,0,0,0,1,0,0,0,1,,,,,,,I am paying attention,
2530,8/7/20 0:06,R_324ITFYflKGrjo9,0,1,1,1,0,0,1,0,0,1,1,0,0,1,1,0,1,1,1,0,1,1,0,0,0,1,0,0,0,1,0,0,1,1,0,0,0,1,1,1,0,0,0,1,0,0,1,1,,,,,,,i am paying attention,nope
308,8/7/20 0:20,R_wTdmClEuPhMMcxz,1,1,1,0,1,1,0,0,0,1,1,0,1,1,0,0,0,1,0,0,0,0,1,1,0,1,0,0,0,1,0,0,1,1,0,0,0,1,1,1,0,1,1,1,0,1,1,1,,,,,,,I am paying attention,